,Date,Dollar in PKR,high ex rate in PKR,low ex rate in PKR,change in ex rate (PKR) %,Dollar in INR,high ex rate in INR,low ex rate in INR,change in ex rate (INR) %
0,12/31/2023,280.97,283.85,281.125,-0.51%,83.103,83.359,83.067,-0.10%
1,12/24/2023,282.42,286.25,282.25,-0.20%,83.19,83.368,83.099,0.03%
2,12/17/2023,283.0,284.5,279.5,-0.22%,83.166,83.291,82.91,0.18%
3,12/10/2023,283.62,285.365,280.25,-0.47%,83.02,83.451,82.927,-0.49%
4,12/03/2023,284.96,286.125,281.25,-0.01%,83.425,83.465,83.215,0.20%
5,11/26/2023,285.0,288.38,280.4,-0.86%,83.26,83.433,83.24,-0.10%
6,11/19/2023,287.46,288.63,282.75,0.05%,83.34,83.424,83.225,0.12%
7,11/12/2023,287.31,288.1,281.375,1.17%,83.244,83.343,82.906,-0.08%
8,11/05/2023,284.0,284.5,274.15,1.54%,83.309,83.499,83.085,0.20%
9,10/29/2023,279.7,281.0,275.3,0.69%,83.14,83.337,83.134,-0.15%
10,10/22/2023,277.77,280.165,271.88,0.21%,83.265,83.301,82.956,0.14%
11,10/15/2023,277.2,283.865,273.85,-2.11%,83.15,83.31,83.012,-0.13%
12,10/08/2023,283.17,288.75,278.93,-1.78%,83.255,83.348,83.11,0.17%
13,10/01/2023,288.3,293.375,284.0,0.72%,83.118,83.346,83.118,0.11%
14,09/24/2023,286.25,297.25,287.88,-3.42%,83.03,83.316,83.012,0.07%
15,09/17/2023,296.4,302.75,293.25,-3.36%,82.97,83.36,82.769,-0.12%
16,09/10/2023,306.69,307.89,300.75,0.39%,83.069,83.202,82.815,0.08%
17,09/03/2023,305.5,306.515,298.13,1.43%,83.004,83.271,82.65,0.38%
18,08/27/2023,301.2,303.1,292.4,1.67%,82.689,82.842,82.527,0.06%
19,08/20/2023,296.25,297.14,284.75,2.97%,82.637,83.217,82.359,-0.61%
20,08/13/2023,287.71,288.875,283.25,1.08%,83.14,83.467,82.895,0.29%
21,08/06/2023,284.64,289.175,282.75,-0.60%,82.898,82.984,82.589,0.24%
22,07/30/2023,286.35,289.125,282.0,0.43%,82.696,82.892,82.225,0.54%
23,07/23/2023,285.12,286.875,274.13,2.93%,82.253,82.377,81.69,0.32%
24,07/16/2023,277.0,281.0,268.75,-0.25%,81.99,82.215,81.897,-0.11%
25,07/09/2023,277.7,286.925,271.0,-2.90%,82.077,82.712,81.943,-0.65%
26,07/02/2023,286.0,287.25,281.5,0.00%,82.615,82.815,81.755,0.63%
27,06/25/2023,286.0,287.75,283.1,-0.35%,82.096,82.128,81.92,0.14%
28,06/18/2023,287.0,288.625,283.34,0.17%,81.985,82.172,81.867,0.09%
29,06/11/2023,286.5,287.75,282.1,0.53%,81.915,82.497,81.825,-0.64%
30,06/04/2023,285.0,286.375,281.58,0.16%,82.445,82.685,82.394,0.05%
31,05/28/2023,284.55,288.125,281.13,-0.26%,82.403,82.793,82.257,-0.21%
32,05/21/2023,285.3,286.75,281.08,0.12%,82.575,82.895,82.522,-0.40%
33,05/14/2023,284.97,298.625,280.05,0.55%,82.905,82.953,82.18,0.86%
34,05/07/2023,283.4,284.3,279.88,0.05%,82.201,82.252,81.672,0.58%
35,04/30/2023,283.25,284.375,279.75,0.09%,81.725,81.97,81.67,-0.02%
36,04/23/2023,283.0,285.5,279.75,-0.35%,81.745,82.132,81.601,-0.38%
37,04/16/2023,284.0,289.625,280.5,0.18%,82.055,82.364,81.864,0.26%
38,04/09/2023,283.5,289.155,279.5,0.03%,81.845,82.17,81.567,-0.05%
39,04/02/2023,283.41,284.7,279.63,0.44%,81.885,82.497,81.785,-0.37%
40,03/26/2023,282.16,284.625,278.25,0.23%,82.185,82.45,82.034,-0.19%
41,03/19/2023,281.5,283.375,277.25,0.52%,82.339,82.724,82.032,-0.24%
42,03/12/2023,280.05,284.0,272.5,1.65%,82.54,82.912,81.692,0.70%
43,03/05/2023,275.5,284.0,257.75,6.08%,81.965,82.3,81.595,0.31%
44,02/26/2023,259.7,264.25,257.95,-0.97%,81.71,82.978,81.71,-1.47%
45,02/19/2023,262.24,270.25,260.5,-2.60%,82.925,83.027,82.562,0.19%
46,02/12/2023,269.25,276.5,266.5,-1.90%,82.765,83.034,82.566,0.30%
47,02/05/2023,274.46,275.5,259.995,4.52%,82.52,82.888,82.32,0.35%
48,01/29/2023,262.6,263.05,229.15,14.30%,82.233,82.338,81.458,0.88%
49,01/22/2023,229.75,230.175,228.425,0.50%,81.515,81.78,80.864,0.66%
50,01/15/2023,228.6,228.925,227.35,0.51%,80.984,81.893,80.961,-0.37%
51,01/08/2023,227.45,228.235,226.45,0.57%,81.285,82.447,81.105,-1.20%
52,01/01/2023,226.15,226.865,225.475,0.18%,82.275,83.016,82.275,-0.57%
53,12/25/2022,225.75,226.385,224.675,0.56%,82.745,82.956,82.54,-0.05%
54,12/18/2022,224.5,225.225,224.0,0.00%,82.79,82.971,82.552,0.07%
55,12/11/2022,224.5,224.8,223.375,0.38%,82.733,82.993,82.38,0.38%
56,12/04/2022,223.65,224.825,223.25,-0.27%,82.42,82.775,81.19,1.21%
57,11/27/2022,224.25,224.65,222.375,0.34%,81.438,81.86,81.008,-0.34%
58,11/20/2022,223.5,224.26,221.325,1.08%,81.713,81.95,81.445,0.08%
59,11/13/2022,221.11,222.125,221.25,0.05%,81.644,81.856,80.528,1.41%
60,11/06/2022,221.0,222.25,220.0,0.00%,80.505,82.347,80.483,-1.80%
61,10/30/2022,221.0,222.125,219.075,0.14%,81.982,82.989,81.978,-0.35%
62,10/23/2022,220.7,221.16,218.3,0.78%,82.268,82.871,81.946,-0.33%
63,10/16/2022,219.0,221.9,216.5,-1.08%,82.541,83.275,82.011,0.21%
64,10/09/2022,221.4,229.5,219.475,-2.75%,82.367,82.722,82.111,-0.56%
65,10/02/2022,227.65,239.75,227.25,-4.91%,82.832,82.832,81.278,1.61%
66,09/25/2022,239.4,239.9,236.75,0.48%,81.522,82.017,81.154,0.33%
67,09/18/2022,238.25,239.125,228.125,3.70%,81.255,81.271,79.574,1.95%
68,09/11/2022,229.75,229.875,218.25,5.00%,79.698,79.87,79.011,0.05%
69,09/04/2022,218.8,222.76,216.25,-0.68%,79.655,79.977,79.454,-0.08%
70,08/28/2022,220.3,220.75,214.5,2.70%,79.722,80.135,79.278,-0.31%
71,08/21/2022,214.5,215.75,211.25,-2.19%,79.971,80.004,79.675,0.06%
72,08/14/2022,219.3,224.45,214.25,-2.05%,79.925,79.925,79.143,0.34%
73,08/07/2022,223.88,240.425,221.25,-6.58%,79.651,79.755,79.011,0.36%
74,07/31/2022,239.66,240.425,227.75,5.11%,79.365,79.818,78.385,0.02%
75,07/24/2022,228.0,229.125,209.75,8.21%,79.351,79.989,79.175,-0.62%
76,07/17/2022,210.7,210.875,207.305,1.76%,79.845,80.08,79.702,0.08%
77,07/10/2022,207.06,208.375,204.0,1.25%,79.785,80.235,79.275,0.62%
78,07/03/2022,204.5,207.875,203.55,-1.68%,79.29,79.44,78.871,0.42%
79,06/26/2022,208.0,212.27,205.85,-0.24%,78.956,79.159,78.204,0.90%
80,06/19/2022,208.5,209.385,201.375,3.42%,78.255,78.415,77.876,0.39%
81,06/12/2022,201.6,203.25,197.45,2.13%,77.952,78.323,77.905,-0.25%
82,06/05/2022,197.4,199.875,197.15,-1.18%,78.144,78.208,77.565,0.68%
83,05/29/2022,199.75,202.645,199.18,-0.17%,77.615,77.745,77.383,-0.01%
84,05/22/2022,200.1,201.255,192.15,3.81%,77.624,77.738,77.445,-0.31%
85,05/15/2022,192.75,193.51,185.85,3.55%,77.865,77.903,77.367,0.50%
86,05/08/2022,186.15,186.545,185.25,0.40%,77.48,77.64,76.982,0.65%
87,05/01/2022,185.4,187.665,184.95,-0.97%,76.979,77.079,76.007,0.58%
88,04/24/2022,187.21,187.76,181.2,3.43%,76.535,76.804,76.264,0.08%
89,04/17/2022,181.0,184.6,180.75,-1.63%,76.475,76.56,76.073,0.19%
90,04/10/2022,184.0,189.025,183.55,0.05%,76.332,76.365,75.805,0.49%
91,04/03/2022,183.9,184.61,181.55,1.21%,75.96,76.077,75.26,-0.05%
92,03/27/2022,181.7,182.235,180.25,0.66%,75.995,76.402,75.561,-0.38%
93,03/20/2022,180.5,180.775,177.315,1.21%,76.285,76.525,75.973,0.29%
94,03/13/2022,178.35,179.285,177.15,0.62%,76.065,76.715,75.745,-0.58%
95,03/06/2022,177.25,178.385,176.125,0.25%,76.511,77.186,76.078,0.11%
96,02/27/2022,176.8,177.56,175.25,1.03%,76.425,76.438,75.27,1.80%
97,02/20/2022,175.0,176.41,174.275,0.29%,75.075,75.835,74.341,0.52%
98,02/13/2022,174.5,175.325,174.075,0.21%,74.687,75.738,74.469,-0.88%
99,02/06/2022,174.13,177.085,173.75,-1.34%,75.348,75.53,74.599,0.94%
100,01/30/2022,176.5,179.055,175.875,0.28%,74.645,75.055,74.41,-0.53%
101,01/23/2022,176.0,176.685,175.72,0.14%,75.046,75.32,74.293,0.86%
102,01/16/2022,175.75,176.86,175.725,-0.45%,74.409,74.747,74.147,0.34%
103,01/09/2022,176.55,177.95,176.025,0.43%,74.156,74.235,73.745,-0.16%
104,01/02/2022,175.8,178.66,176.03,-1.37%,74.278,74.71,74.246,-0.28%
105,12/26/2021,178.25,178.66,177.575,0.08%,74.486,75.189,74.106,-0.69%
106,12/19/2021,178.1,178.325,177.25,0.34%,75.004,76.207,74.998,-1.33%
107,12/12/2021,177.5,178.25,174.95,0.65%,76.013,76.435,75.593,0.39%
108,12/05/2021,176.35,177.05,174.6,0.60%,75.718,75.885,75.202,0.63%
109,11/28/2021,175.3,176.735,171.3,0.33%,75.241,75.349,74.797,0.23%
110,11/21/2021,174.73,175.76,173.0,-0.30%,75.065,75.105,74.306,0.96%
111,11/14/2021,175.25,175.775,169.74,3.33%,74.35,74.547,74.027,0.00%
112,11/07/2021,169.6,172.045,169.19,-1.14%,74.347,74.595,73.834,0.21%
113,10/31/2021,171.55,175.535,170.865,-1.38%,74.191,75.057,74.171,-0.99%
114,10/24/2021,173.95,174.56,170.5,1.85%,74.935,75.197,74.755,-0.09%
115,10/17/2021,170.79,171.375,169.95,0.32%,74.999,75.394,74.672,-0.04%
116,10/10/2021,170.25,171.215,169.7,0.29%,75.03,75.682,74.882,-0.13%
117,10/03/2021,169.75,171.08,168.725,0.50%,75.131,75.197,74.135,1.32%
118,09/26/2021,168.9,169.555,167.675,0.86%,74.15,74.389,73.625,0.45%
119,09/19/2021,167.46,169.69,166.8,-0.26%,73.821,73.938,73.558,0.24%
120,09/12/2021,167.9,168.23,165.625,0.84%,73.645,73.787,73.335,0.16%
121,09/05/2021,166.5,167.33,165.18,0.48%,73.524,73.879,72.972,0.72%
122,08/29/2021,165.7,166.865,163.75,1.01%,72.997,73.565,72.918,-0.65%
123,08/22/2021,164.05,164.58,163.515,0.49%,73.475,74.311,73.454,-1.18%
124,08/15/2021,163.25,164.58,162.95,0.09%,74.352,74.483,74.118,0.15%
125,08/08/2021,163.1,164.63,161.375,0.83%,74.242,74.507,74.101,0.00%
126,08/01/2021,161.75,162.73,159.8,0.18%,74.242,74.432,74.041,-0.14%
127,07/25/2021,161.46,162.43,159.35,1.55%,74.344,74.547,74.222,-0.11%
128,07/18/2021,159.0,160.11,158.45,0.03%,74.427,75.028,74.303,-0.25%
129,07/11/2021,158.95,159.82,157.5,0.92%,74.61,74.674,74.4,0.17%
130,07/04/2021,157.5,159.125,156.8,0.03%,74.487,74.867,74.236,-0.04%
131,06/27/2021,157.45,158.725,156.55,1.16%,74.518,74.887,74.16,0.40%
132,06/20/2021,155.65,157.565,155.575,0.52%,74.22,74.418,74.051,0.13%
133,06/13/2021,154.85,156.15,154.375,0.36%,74.12,74.301,73.117,1.19%
134,06/06/2021,154.3,155.485,153.375,0.00%,73.245,73.262,72.743,0.51%
135,05/30/2021,154.3,155.59,152.7,1.03%,72.87,73.333,72.35,0.64%
136,05/23/2021,152.72,153.665,152.115,0.34%,72.41,72.988,72.32,-0.57%
137,05/16/2021,152.2,154.05,151.725,0.34%,72.827,73.34,72.76,-0.65%
138,05/09/2021,151.68,154.05,151.525,-0.70%,73.3,73.662,73.189,0.06%
139,05/02/2021,152.75,155.19,152.875,-0.28%,73.254,74.327,73.248,-1.08%
140,04/25/2021,153.18,154.0,152.49,0.45%,74.055,74.919,73.945,-1.17%
141,04/18/2021,152.5,153.565,151.82,0.20%,74.93,75.571,74.515,0.52%
142,04/11/2021,152.19,153.84,151.95,-0.49%,74.54,75.547,74.292,-0.26%
143,04/04/2021,152.94,155.1,151.2,-1.23%,74.734,74.987,73.218,1.84%
144,03/28/2021,154.85,156.25,154.15,-0.51%,73.385,73.638,72.488,1.06%
145,03/21/2021,155.65,157.275,154.83,-0.73%,72.615,72.728,72.268,0.28%
146,03/14/2021,156.8,157.505,156.54,0.27%,72.413,72.796,72.326,-0.38%
147,03/07/2021,156.38,159.275,156.64,-1.24%,72.69,73.409,72.58,-0.68%
148,02/28/2021,158.35,159.575,157.52,-0.25%,73.19,73.79,72.602,-1.01%
149,02/21/2021,158.75,160.24,158.39,0.16%,73.937,74.072,72.275,1.90%
150,02/14/2021,158.5,160.59,158.435,-0.63%,72.56,72.971,72.417,-0.05%
151,02/07/2021,159.5,160.565,159.515,-0.06%,72.595,73.014,72.565,-0.30%
152,01/31/2021,159.6,160.935,159.64,-0.47%,72.815,73.195,72.77,-0.12%
153,01/24/2021,160.35,162.63,157.63,0.16%,72.906,73.21,72.81,-0.11%
154,01/17/2021,160.1,160.82,159.705,0.13%,72.985,73.325,72.883,-0.20%
155,01/10/2021,159.9,160.825,159.6,0.09%,73.13,73.591,72.922,-0.29%
156,01/03/2021,159.75,164.125,159.25,0.04%,73.34,73.495,72.827,0.29%
157,12/27/2020,159.68,160.985,159.805,-0.01%,73.125,73.612,72.942,-0.59%
158,12/20/2020,159.7,160.785,159.535,-0.09%,73.558,74.105,73.504,-0.02%
159,12/13/2020,159.85,160.695,159.655,0.03%,73.575,73.741,73.367,-0.22%
160,12/06/2020,159.8,162.73,159.025,0.66%,73.738,73.977,73.502,-0.05%
161,11/29/2020,158.75,161.26,158.51,-0.86%,73.776,74.028,73.41,-0.22%
162,11/22/2020,160.13,161.0,157.655,1.35%,73.935,74.271,73.712,-0.25%
163,11/15/2020,158.0,160.75,157.71,-0.63%,74.12,74.64,74.062,-0.62%
164,11/08/2020,159.0,160.51,158.7,-0.63%,74.582,74.769,73.65,0.82%
165,11/01/2020,160.0,161.62,159.82,-0.71%,73.976,74.997,73.842,-0.79%
166,10/25/2020,161.15,162.84,160.7,-0.62%,74.567,74.716,73.606,0.98%
167,10/18/2020,162.15,164.055,161.86,-0.70%,73.842,73.899,73.284,0.54%
168,10/11/2020,163.3,165.75,163.325,-0.35%,73.444,73.52,73.015,0.58%
169,10/04/2020,163.87,167.75,164.07,-0.51%,73.02,73.615,72.966,-0.38%
170,09/27/2020,164.71,166.6,165.205,-0.84%,73.295,73.915,73.004,-0.53%
171,09/20/2020,166.1,166.83,165.405,0.50%,73.685,74.062,73.27,0.20%
172,09/13/2020,165.27,166.845,165.055,-0.26%,73.54,73.781,73.143,0.14%
173,09/06/2020,165.7,166.6,164.945,-0.46%,73.44,73.976,73.035,0.20%
174,08/30/2020,166.47,168.8,166.0,-0.79%,73.291,73.702,72.751,0.24%
175,08/23/2020,167.8,168.695,167.375,0.33%,73.115,74.922,73.115,-2.41%
176,08/16/2020,167.25,168.78,165.875,-0.17%,74.922,75.131,74.571,0.03%
177,08/09/2020,167.53,168.755,165.875,0.15%,74.903,75.052,74.55,-0.16%
178,08/02/2020,167.28,167.75,165.75,-0.07%,75.025,75.32,74.759,0.14%
179,07/26/2020,167.4,168.75,166.65,0.42%,74.918,74.955,74.662,0.21%
180,07/19/2020,166.7,167.78,165.875,0.62%,74.76,75.035,74.51,-0.18%
181,07/12/2020,165.67,167.615,165.75,-0.44%,74.898,75.542,74.898,-0.39%
182,07/05/2020,166.4,168.475,166.125,-0.42%,75.195,75.333,74.485,0.75%
183,06/28/2020,167.1,168.325,165.83,0.33%,74.636,75.652,74.567,-1.30%
184,06/21/2020,166.55,167.4,163.625,1.40%,75.62,76.303,75.435,-0.84%
185,06/14/2020,164.25,165.3,162.7,0.74%,76.26,76.4,75.78,0.28%
186,06/07/2020,163.05,166.05,162.375,0.65%,76.05,76.26,75.401,0.65%
187,05/31/2020,162.0,163.575,160.355,1.09%,75.56,75.77,74.962,-0.06%
188,05/24/2020,160.25,161.49,156.2,0.38%,75.605,76.122,75.4,-0.45%
189,05/17/2020,159.65,161.535,158.545,0.69%,75.95,76.07,75.386,0.16%
190,05/10/2020,158.56,163.45,156.2,-0.90%,75.83,75.978,75.034,0.39%
191,05/03/2020,160.0,162.055,159.675,0.09%,75.535,76.168,75.285,-0.28%
192,04/26/2020,159.86,167.025,159.0,-3.27%,75.749,76.448,74.91,-0.68%
193,04/19/2020,165.26,167.95,163.025,-0.48%,76.27,77.018,75.825,-0.37%
194,04/12/2020,166.05,168.0,165.745,-0.27%,76.55,76.922,75.887,0.88%
195,04/05/2020,166.5,167.425,164.99,1.45%,75.879,76.559,75.528,-0.47%
196,03/29/2020,164.12,168.425,158.15,3.74%,76.24,76.43,75.077,1.02%
197,03/22/2020,158.2,159.475,156.4,0.86%,75.472,76.379,74.353,0.10%
198,03/15/2020,156.85,159.665,153.92,1.75%,75.399,75.399,73.859,2.11%
199,03/08/2020,154.15,154.805,153.925,0.33%,73.84,74.576,73.531,-0.22%
200,03/01/2020,153.65,154.87,153.735,-0.16%,74.004,74.073,72.027,2.02%
201,02/23/2020,153.9,154.82,153.72,0.05%,72.539,72.574,71.534,0.92%
202,02/16/2020,153.83,155.25,153.795,-0.19%,71.88,72.056,71.25,0.49%
203,02/09/2020,154.12,154.96,153.905,0.08%,71.529,71.597,71.175,0.02%
204,02/02/2020,154.0,155.255,153.97,-0.08%,71.515,71.665,71.1,-0.06%
205,01/26/2020,154.13,155.025,154.165,-0.09%,71.555,71.665,71.17,0.32%
206,01/19/2020,154.27,155.345,154.07,-0.14%,71.33,71.465,71.01,0.35%
207,01/12/2020,154.49,155.515,154.35,0.03%,71.079,71.099,70.675,0.17%
208,01/05/2020,154.45,155.245,154.41,0.06%,70.96,72.13,70.848,-1.13%
209,12/29/2019,154.35,155.59,154.21,0.06%,71.77,71.844,71.23,0.44%
210,12/22/2019,154.25,155.49,154.205,0.18%,71.455,71.505,71.115,0.56%
211,12/15/2019,153.98,156.755,154.12,0.03%,71.06,71.256,70.76,0.37%
212,12/08/2019,153.93,156.755,154.375,-0.79%,70.798,71.293,70.503,-0.68%
213,12/01/2019,155.15,156.755,154.82,-0.16%,71.283,71.835,71.17,-0.65%
214,11/24/2019,155.4,156.93,154.99,0.40%,71.749,71.872,71.226,-0.06%
215,11/17/2019,154.78,156.99,154.86,-0.40%,71.792,72.011,71.566,0.20%
216,11/10/2019,155.4,156.975,155.075,0.61%,71.65,72.25,71.29,0.41%
217,11/03/2019,154.46,157.5,154.74,-0.53%,71.36,71.364,70.56,0.85%
218,10/27/2019,155.28,156.99,155.175,-0.30%,70.76,71.065,70.681,-0.08%
219,10/20/2019,155.75,156.925,155.425,-0.06%,70.82,71.09,70.72,-0.38%
220,10/13/2019,155.85,157.32,155.675,-0.38%,71.09,71.73,70.74,0.23%
221,10/06/2019,156.45,157.075,155.49,0.16%,70.924,71.234,70.799,0.14%
222,09/29/2019,156.2,156.935,155.45,0.26%,70.825,71.365,70.358,0.45%
223,09/22/2019,155.8,161.0,155.4,-0.50%,70.509,71.154,70.364,-0.80%
224,09/15/2019,156.58,160.88,155.45,0.37%,71.075,71.987,70.685,0.13%
225,09/08/2019,156.0,160.88,155.55,-0.32%,70.985,72.012,70.847,-0.92%
226,09/01/2019,156.5,160.88,156.4,-1.88%,71.645,72.418,71.465,0.27%
227,08/25/2019,159.5,160.895,156.43,0.47%,71.453,72.257,71.357,-0.08%
228,08/18/2019,158.75,160.96,157.5,0.79%,71.513,72.061,71.07,0.50%
229,08/11/2019,157.5,160.665,156.95,-0.71%,71.155,71.817,70.845,0.33%
230,08/04/2019,158.62,161.28,156.28,-0.86%,70.924,71.198,70.118,1.76%
231,07/28/2019,160.0,161.39,156.28,0.06%,69.7,69.7,68.657,1.19%
232,07/21/2019,159.9,160.525,156.28,1.04%,68.88,69.151,68.816,0.03%
233,07/14/2019,158.25,164.0,155.73,0.16%,68.86,69.01,68.482,0.44%
234,07/07/2019,158.0,164.5,152.015,-2.77%,68.56,68.853,68.28,0.16%
235,06/30/2019,162.5,164.375,152.015,4.00%,68.45,69.095,68.385,-0.73%
236,06/23/2019,156.25,157.75,151.94,0.70%,68.95,69.62,68.866,-0.96%
237,06/16/2019,155.16,156.18,148.375,4.84%,69.615,69.977,69.329,-0.31%
238,06/09/2019,148.0,151.3,146.775,0.95%,69.833,69.865,69.272,0.69%
239,06/02/2019,146.6,151.82,146.49,-2.59%,69.355,69.621,69.035,-0.32%
240,05/26/2019,150.5,152.535,143.93,1.48%,69.58,70.008,69.355,0.29%
241,05/19/2019,148.3,148.655,140.56,4.99%,69.38,70.07,69.363,-1.28%
242,05/12/2019,141.25,141.99,140.7,0.25%,70.28,70.644,69.958,0.38%
243,05/05/2019,140.9,141.755,140.875,-0.28%,70.015,70.282,69.286,1.33%
244,04/28/2019,141.3,142.26,140.95,-0.04%,69.095,69.918,69.095,-1.08%
245,04/21/2019,141.35,141.985,140.73,0.21%,69.85,70.335,69.366,0.64%
246,04/14/2019,141.05,142.385,138.95,0.11%,69.407,69.685,69.035,0.31%
247,04/07/2019,140.9,141.86,138.45,0.21%,69.19,69.74,68.837,0.03%
248,03/31/2019,140.6,140.86,139.08,1.22%,69.17,69.419,68.39,-0.02%
249,03/24/2019,138.9,140.585,138.4,-0.68%,69.185,69.36,68.772,0.02%
250,03/17/2019,139.85,140.48,137.5,0.07%,69.17,69.175,68.355,0.30%
251,03/10/2019,139.75,140.32,137.6,1.08%,68.963,70.055,68.935,-1.50%
252,03/03/2019,138.25,140.085,136.65,-1.06%,70.012,70.988,69.827,-1.39%
253,02/24/2019,139.725,140.335,137.53,1.07%,71.0,71.491,70.713,-0.05%
254,02/17/2019,138.25,139.96,137.7,-0.97%,71.035,71.607,70.925,-0.41%
255,02/10/2019,139.6,139.815,137.18,0.05%,71.33,71.464,70.402,0.22%
256,02/03/2019,139.525,139.94,137.0,-0.25%,71.175,71.85,71.015,-0.36%
257,01/27/2019,139.875,140.125,137.5,0.00%,71.435,71.485,70.87,0.75%
258,01/20/2019,139.88,140.41,134.72,0.00%,70.9,71.537,70.89,-0.44%
259,01/13/2019,139.875,140.405,137.55,0.02%,71.21,71.422,70.36,1.15%
260,01/06/2019,139.85,139.96,134.62,-0.04%,70.399,70.661,69.25,1.22%
261,12/30/2018,139.9,139.98,137.35,1.16%,69.55,70.531,69.44,-0.55%
262,12/23/2018,138.3,139.92,137.45,-0.14%,69.933,70.404,69.762,-0.30%
263,12/16/2018,138.5,139.93,133.95,0.04%,70.14,71.9,69.648,-2.47%
264,12/09/2018,138.45,139.885,133.95,-0.32%,71.92,72.637,71.24,1.50%
265,12/02/2018,138.9,141.5,132.745,3.77%,70.86,71.15,69.88,1.74%
266,11/25/2018,133.85,134.525,132.65,-0.02%,69.65,71.035,69.57,-1.42%
267,11/18/2018,133.88,134.53,131.5,-0.09%,70.655,72.082,70.655,-1.84%
268,11/11/2018,134.0,134.455,131.5,0.24%,71.98,73.067,71.715,-0.69%
269,11/04/2018,133.68,134.15,130.83,0.13%,72.48,73.135,72.375,0.06%
270,10/28/2018,133.5,134.455,130.84,1.45%,72.44,74.135,72.43,-1.39%
271,10/21/2018,131.59,134.155,128.135,-0.45%,73.46,73.828,73.095,0.12%
272,10/14/2018,132.19,133.97,123.17,7.47%,73.375,74.065,73.295,-0.32%
273,10/07/2018,123.0,124.385,123.045,0.24%,73.61,74.49,73.53,-0.22%
274,09/30/2018,122.71,124.56,123.02,0.38%,73.77,74.25,72.605,1.74%
275,09/23/2018,122.24,124.265,121.695,-0.64%,72.51,72.965,72.34,0.37%
276,09/16/2018,123.03,124.295,121.695,0.30%,72.24,72.99,71.76,0.50%
277,09/09/2018,122.66,124.28,121.445,-0.26%,71.88,72.92,71.535,0.13%
278,09/02/2018,122.985,124.28,121.695,0.48%,71.79,72.105,70.73,1.11%
279,08/26/2018,122.4,124.295,121.65,-0.41%,71.005,71.025,69.705,1.48%
280,08/19/2018,122.9,124.32,121.65,-0.19%,69.97,70.24,69.535,-0.19%
281,08/12/2018,123.14,124.52,121.695,-0.02%,70.1,70.42,69.41,1.76%
282,08/05/2018,123.17,129.05,120.1,-3.59%,68.89,69.025,68.455,0.50%
283,07/29/2018,127.75,129.435,127.12,-0.51%,68.545,68.845,68.265,-0.09%
284,07/22/2018,128.4,129.205,121.75,6.17%,68.605,69.088,68.535,-0.20%
285,07/15/2018,120.94,122.145,120.865,-0.42%,68.74,69.132,68.28,0.35%
286,07/08/2018,121.45,122.06,120.845,-0.02%,68.5,68.9,68.335,-0.44%
287,07/01/2018,121.47,122.01,120.385,0.14%,68.805,69.03,68.335,0.50%
288,06/24/2018,121.3,122.08,119.35,1.85%,68.46,69.1,67.91,0.87%
289,06/17/2018,119.1,120.09,115.185,3.06%,67.87,68.39,67.715,-0.28%
290,06/10/2018,115.56,116.19,114.995,-0.01%,68.06,68.065,67.275,0.78%
291,06/03/2018,115.57,116.2,114.995,0.15%,67.53,67.795,66.84,0.80%
292,05/27/2018,115.4,116.215,114.995,-0.14%,66.995,67.99,66.995,-1.09%
293,05/20/2018,115.56,116.325,115.035,0.00%,67.73,68.485,67.718,-0.38%
294,05/13/2018,115.56,116.075,114.99,0.01%,67.99,68.143,67.215,0.94%
295,05/06/2018,115.55,116.075,114.645,0.00%,67.36,67.477,66.785,0.81%
296,04/29/2018,115.55,116.2,114.99,0.00%,66.82,66.92,66.35,0.30%
297,04/22/2018,115.55,116.205,114.99,0.00%,66.62,66.98,66.15,0.62%
298,04/15/2018,115.55,116.075,114.955,-0.01%,66.21,66.21,65.32,1.46%
299,04/08/2018,115.56,116.05,114.845,0.12%,65.255,65.445,64.85,0.50%
300,04/01/2018,115.42,115.955,114.69,0.19%,64.93,65.185,64.89,-0.28%
301,03/25/2018,115.2,116.2,110.125,4.23%,65.115,65.295,64.727,0.19%
302,03/18/2018,110.52,111.045,110.1,0.05%,64.99,65.25,64.982,0.00%
303,03/11/2018,110.47,111.125,110.1,0.00%,64.99,65.075,64.81,-0.21%
304,03/04/2018,110.47,111.055,110.12,0.02%,65.125,65.195,64.855,-0.15%
305,02/25/2018,110.45,111.045,110.01,0.05%,65.22,65.32,64.63,0.79%
306,02/18/2018,110.4,111.045,110.11,0.09%,64.71,65.11,64.42,0.77%
307,02/11/2018,110.3,111.045,110.06,-0.15%,64.215,64.345,63.815,-0.25%
308,02/04/2018,110.47,111.245,110.085,0.06%,64.375,64.438,64.005,0.38%
309,01/28/2018,110.4,111.04,110.08,0.00%,64.13,64.2,63.49,0.85%
310,01/21/2018,110.4,111.245,109.86,-0.05%,63.59,64.01,63.46,-0.38%
311,01/14/2018,110.45,111.16,109.57,0.05%,63.83,64.13,63.34,0.35%
312,01/07/2018,110.4,111.155,109.57,0.00%,63.61,63.855,63.25,0.43%
313,12/31/2017,110.4,111.18,109.895,0.00%,63.34,63.87,63.323,-0.78%
314,12/24/2017,110.4,111.14,109.295,0.59%,63.84,64.28,63.79,-0.28%
315,12/17/2017,109.75,110.295,106.05,3.78%,64.02,64.73,63.945,-0.09%
316,12/10/2017,105.75,106.05,105.25,0.49%,64.08,64.56,64.015,-0.62%
317,12/03/2017,105.23,105.52,105.25,0.19%,64.48,64.61,64.23,-0.06%
318,11/26/2017,105.03,105.43,105.18,-0.14%,64.52,64.833,64.28,-0.25%
319,11/19/2017,105.18,105.42,105.2,0.36%,64.68,65.13,64.555,-0.52%
320,11/12/2017,104.8,105.415,104.95,-0.31%,65.015,65.545,64.625,-0.27%
321,11/05/2017,105.13,105.445,105.15,-0.07%,65.19,65.208,64.615,0.98%
322,10/29/2017,105.2,105.445,105.29,-0.05%,64.56,64.96,64.48,-0.74%
323,10/22/2017,105.25,105.43,105.1,0.10%,65.04,65.2,64.725,0.00%
324,10/15/2017,105.15,105.405,104.9,0.05%,65.04,65.165,64.695,0.53%
325,10/08/2017,105.1,105.46,105.225,-0.14%,64.7,65.43,64.7,-1.07%
326,10/01/2017,105.25,105.47,105.225,-0.01%,65.4,65.642,64.955,0.14%
327,09/24/2017,105.26,105.435,105.25,0.01%,65.31,65.895,64.725,0.79%
328,09/17/2017,105.25,105.43,105.15,0.10%,64.795,65.155,64.002,1.07%
329,09/10/2017,105.15,105.425,105.05,0.14%,64.11,64.175,63.837,0.51%
330,09/03/2017,105.0,105.405,105.09,-0.24%,63.785,64.262,63.78,-0.37%
331,08/27/2017,105.25,105.425,105.205,0.01%,64.025,64.06,63.855,0.03%
332,08/20/2017,105.24,105.405,105.315,0.07%,64.005,64.157,64.005,-0.14%
333,08/13/2017,105.17,105.415,105.195,-0.09%,64.095,64.328,63.935,-0.07%
334,08/06/2017,105.26,105.435,105.27,0.03%,64.14,64.27,63.62,0.73%
335,07/30/2017,105.23,105.405,105.18,0.11%,63.675,64.294,63.611,-0.69%
336,07/23/2017,105.11,105.35,105.12,0.02%,64.115,64.465,64.065,-0.42%
337,07/16/2017,105.09,105.4,105.05,-0.58%,64.385,64.46,64.245,-0.06%
338,07/09/2017,105.7,108.625,104.825,0.96%,64.424,64.638,64.424,-0.31%
339,07/02/2017,104.7,104.915,104.7,-0.05%,64.625,64.93,64.54,0.01%
340,06/25/2017,104.75,104.895,104.775,0.05%,64.62,64.84,64.405,0.18%
341,06/18/2017,104.7,104.875,104.65,0.00%,64.505,64.7,64.34,0.06%
342,06/11/2017,104.7,104.895,104.675,0.10%,64.465,64.75,64.245,0.34%
343,06/04/2017,104.6,104.88,104.7,-0.10%,64.245,64.515,64.167,-0.26%
344,05/28/2017,104.7,104.895,104.745,-0.09%,64.415,64.707,64.345,-0.15%
345,05/21/2017,104.795,104.955,104.795,0.02%,64.51,64.955,64.425,-0.09%
346,05/14/2017,104.775,104.875,104.675,0.02%,64.565,65.025,63.985,0.50%
347,05/07/2017,104.75,104.88,104.62,0.02%,64.243,64.7,64.195,-0.11%
348,04/30/2017,104.725,104.875,104.575,-0.07%,64.315,64.395,64.115,0.04%
349,04/23/2017,104.8,104.97,104.7,-0.02%,64.29,64.558,63.94,-0.56%
350,04/16/2017,104.825,104.895,104.645,0.00%,64.65,64.738,64.305,0.26%
351,04/09/2017,104.82,104.93,104.62,0.01%,64.48,64.745,64.278,0.33%
352,04/02/2017,104.81,104.91,104.7,0.06%,64.27,65.174,64.154,-0.91%
353,03/26/2017,104.75,104.91,104.65,-0.05%,64.86,65.28,64.8,-0.86%
354,03/19/2017,104.8,104.91,104.72,-0.01%,65.425,65.59,65.225,-0.08%
355,03/12/2017,104.815,104.965,104.755,0.03%,65.475,66.265,65.255,-1.62%
356,03/05/2017,104.785,104.925,104.725,-0.04%,66.555,66.88,66.555,-0.34%
357,02/26/2017,104.825,104.885,104.725,0.02%,66.78,66.92,66.65,0.20%
358,02/19/2017,104.8,104.87,104.7,-0.05%,66.645,67.085,66.615,-0.65%
359,02/12/2017,104.85,104.87,104.69,0.14%,67.08,67.167,66.8,0.34%
360,02/05/2017,104.7,104.9,104.7,-0.10%,66.854,67.486,66.741,-0.49%
361,01/29/2017,104.8,104.9,104.7,-0.05%,67.184,68.119,67.184,-1.35%
362,01/22/2017,104.85,104.88,104.75,0.05%,68.105,68.255,67.98,0.04%
363,01/15/2017,104.8,104.88,104.75,-0.08%,68.075,68.335,67.87,-0.15%
364,01/08/2017,104.88,104.88,104.64,0.48%,68.18,68.511,67.96,0.10%
365,01/01/2017,104.375,104.825,104.375,-0.41%,68.115,68.455,67.745,0.24%
366,12/25/2016,104.8,104.92,104.8,-0.05%,67.955,68.261,67.705,0.17%
367,12/18/2016,104.85,104.9,104.65,0.14%,67.837,68.111,67.708,-0.03%
368,12/11/2016,104.7,104.9,104.7,-0.14%,67.855,67.95,67.37,0.57%
369,12/04/2016,104.85,104.9,104.8,0.02%,67.47,68.28,67.318,-0.82%
370,11/27/2016,104.825,104.945,104.725,0.02%,68.031,68.81,68.01,-0.71%
371,11/20/2016,104.8,104.87,104.63,0.10%,68.519,68.881,68.02,0.48%
372,11/13/2016,104.695,104.725,104.525,-0.03%,68.191,68.25,67.46,0.93%
373,11/06/2016,104.73,105.01,104.73,0.03%,67.565,67.565,66.252,1.15%
374,10/30/2016,104.695,105.015,104.695,-0.03%,66.796,66.87,66.63,0.03%
375,10/23/2016,104.73,104.84,104.64,0.10%,66.778,66.96,66.691,-0.22%
376,10/16/2016,104.625,104.825,104.505,-0.12%,66.926,67.005,66.61,0.31%
377,10/09/2016,104.75,104.75,104.45,0.23%,66.717,66.99,66.473,0.17%
378,10/02/2016,104.505,105.045,104.505,-0.29%,66.602,66.89,66.373,0.07%
379,09/25/2016,104.81,104.88,104.47,0.29%,66.556,66.955,66.327,-0.23%
380,09/18/2016,104.51,104.71,104.26,0.20%,66.707,67.145,66.53,-0.55%
381,09/11/2016,104.3,104.65,104.25,-0.07%,67.075,67.148,66.727,0.27%
382,09/04/2016,104.375,104.875,104.375,-0.38%,66.895,66.895,66.275,0.15%
383,08/28/2016,104.77,104.94,104.75,0.05%,66.795,67.247,66.617,-0.51%
384,08/21/2016,104.715,104.775,104.665,0.00%,67.136,67.37,66.831,0.00%
385,08/14/2016,104.71,104.78,104.5,0.15%,67.137,67.205,66.688,0.34%
386,08/07/2016,104.55,104.84,104.3,-0.25%,66.908,66.985,66.6,0.10%
387,07/31/2016,104.815,104.925,104.505,0.06%,66.842,67.015,66.57,0.28%
388,07/24/2016,104.755,104.955,104.755,0.00%,66.655,67.495,66.625,-0.74%
389,07/17/2016,104.75,105.0,104.7,0.00%,67.154,67.273,67.012,0.02%
390,07/10/2016,104.75,104.75,104.65,0.00%,67.141,67.308,66.802,0.00%
391,07/03/2016,104.75,104.93,104.65,-0.05%,67.139,67.555,67.07,-0.08%
392,06/26/2016,104.8,104.88,104.68,0.10%,67.19,68.09,67.15,-1.02%
393,06/19/2016,104.7,104.96,104.33,0.57%,67.885,68.223,67.073,1.21%
394,06/12/2016,104.11,104.73,104.1,-0.58%,67.074,67.454,66.9,0.18%
395,06/05/2016,104.72,104.99,104.64,-0.03%,66.952,67.055,66.451,-0.07%
396,05/29/2016,104.75,105.0,104.7,-0.01%,67.0,67.519,67.0,-0.05%
397,05/22/2016,104.765,104.905,104.595,0.09%,67.031,67.78,66.875,-0.56%
398,05/15/2016,104.675,104.755,104.555,0.01%,67.408,67.61,66.675,0.83%
399,05/08/2016,104.66,104.88,104.66,-0.13%,66.855,66.925,66.395,0.38%
400,05/01/2016,104.8,104.91,104.69,0.03%,66.6,66.715,66.235,0.26%
401,04/24/2016,104.765,104.945,104.705,0.08%,66.425,66.852,66.29,-0.35%
402,04/17/2016,104.685,104.825,104.685,-0.01%,66.66,66.731,66.095,0.00%
403,04/10/2016,104.7,104.8,104.7,-0.06%,66.66,66.69,66.271,0.16%
404,04/03/2016,104.76,104.91,104.66,-0.04%,66.551,66.826,66.024,0.28%
405,03/27/2016,104.8,104.85,104.65,0.09%,66.365,66.912,66.13,-0.69%
406,03/20/2016,104.705,104.845,104.655,0.00%,66.829,66.956,66.383,0.67%
407,03/13/2016,104.705,104.955,104.575,-0.05%,66.384,67.46,66.256,-0.80%
408,03/06/2016,104.76,104.95,104.57,0.01%,66.921,67.515,66.895,-0.03%
409,02/28/2016,104.75,104.89,104.5,-0.04%,66.938,68.792,66.881,-2.62%
410,02/21/2016,104.79,104.92,104.66,0.33%,68.737,68.909,68.384,0.28%
411,02/14/2016,104.45,104.94,104.17,-0.38%,68.545,68.69,68.01,0.63%
412,02/07/2016,104.85,105.06,104.3,0.00%,68.118,68.496,67.78,0.45%
413,01/31/2016,104.85,105.06,104.85,-0.03%,67.81,68.265,67.495,-0.10%
414,01/24/2016,104.885,105.035,104.785,-0.04%,67.878,68.265,67.493,0.49%
415,01/17/2016,104.925,105.055,104.875,0.02%,67.549,68.18,67.5,-0.33%
416,01/10/2016,104.9,105.0,104.67,0.05%,67.775,67.869,66.708,1.39%
417,01/03/2016,104.85,105.05,104.85,0.05%,66.847,66.981,66.165,0.92%
418,12/27/2015,104.8,105.0,104.7,0.04%,66.235,66.495,66.03,0.32%
419,12/20/2015,104.755,105.075,104.235,0.44%,66.025,66.385,65.946,-0.35%
420,12/13/2015,104.3,105.39,103.58,-1.09%,66.255,67.18,66.228,-1.33%
421,12/06/2015,105.45,105.57,105.4,-0.07%,67.148,67.148,66.57,0.76%
422,11/29/2015,105.525,105.575,105.415,0.05%,66.643,66.995,66.385,-0.39%
423,11/22/2015,105.475,105.475,105.375,0.02%,66.907,66.91,66.057,1.29%
424,11/15/2015,105.45,105.56,104.52,-0.06%,66.058,66.325,65.853,0.00%
425,11/08/2015,105.515,105.605,105.455,0.11%,66.059,66.5,66.005,-0.12%
426,11/01/2015,105.4,105.59,104.5,0.81%,66.14,66.14,65.33,1.10%
427,10/25/2015,104.55,104.59,104.44,0.11%,65.423,65.47,64.788,0.82%
428,10/18/2015,104.435,104.525,104.335,-0.03%,64.892,65.23,64.681,0.29%
429,10/11/2015,104.465,104.555,104.345,0.01%,64.703,65.192,64.639,-0.12%
430,10/04/2015,104.45,104.62,104.45,0.05%,64.78,65.44,64.689,-0.89%
431,09/27/2015,104.4,104.52,104.35,0.00%,65.364,66.441,65.358,-1.22%
432,09/20/2015,104.4,104.54,104.34,-0.07%,66.17,66.38,65.56,0.46%
433,09/13/2015,104.475,104.475,103.975,0.26%,65.868,66.52,65.67,-0.56%
434,09/06/2015,104.205,104.235,104.025,0.29%,66.241,66.913,66.238,-0.67%
435,08/30/2015,103.905,104.255,101.955,1.85%,66.685,66.785,66.04,0.81%
436,08/23/2015,102.02,102.02,101.81,0.17%,66.15,66.91,65.865,0.18%
437,08/16/2015,101.85,101.97,101.79,-0.03%,66.034,66.045,65.061,1.39%
438,08/09/2015,101.885,101.985,101.785,0.01%,65.129,65.38,63.707,2.18%
439,08/02/2015,101.875,101.955,101.815,0.00%,63.739,64.19,63.65,-0.39%
440,07/26/2015,101.875,102.015,101.815,0.02%,63.988,64.27,63.74,-0.18%
441,07/19/2015,101.85,102.05,101.74,0.04%,64.106,64.18,63.47,0.97%
442,07/12/2015,101.805,101.965,101.655,-0.04%,63.492,63.61,63.265,0.21%
443,07/05/2015,101.85,101.9,101.78,0.00%,63.358,63.66,63.254,-0.08%
444,06/28/2015,101.85,101.89,101.78,0.05%,63.411,63.95,63.296,-0.06%
445,06/21/2015,101.8,101.85,101.75,0.05%,63.452,63.71,63.44,-0.08%
446,06/14/2015,101.75,102.02,101.75,-0.15%,63.5,64.33,63.42,-0.94%
447,06/07/2015,101.9,102.01,101.84,-0.11%,64.1,64.2,63.75,0.52%
448,05/31/2015,102.015,102.075,101.895,0.01%,63.77,64.27,63.53,0.04%
449,05/24/2015,102.0,102.05,101.79,0.12%,63.743,64.17,63.49,0.40%
450,05/17/2015,101.875,102.005,101.815,0.02%,63.49,63.9,63.425,0.08%
451,05/10/2015,101.855,101.905,101.755,-0.02%,63.44,64.39,63.347,-0.43%
452,05/03/2015,101.88,101.97,101.66,0.02%,63.711,64.29,63.31,-0.01%
453,04/26/2015,101.855,101.955,101.555,0.01%,63.719,63.78,63.027,0.09%
454,04/19/2015,101.845,102.055,101.575,-0.05%,63.662,63.683,62.5,1.78%
455,04/12/2015,101.895,102.055,101.855,0.00%,62.55,62.575,62.18,0.44%
456,04/05/2015,101.9,102.04,101.79,0.02%,62.276,62.43,61.93,0.51%
457,03/29/2015,101.875,102.075,101.715,-0.02%,61.96,62.7,61.936,-0.90%
458,03/22/2015,101.895,102.245,101.705,0.05%,62.523,62.851,62.14,0.18%
459,03/15/2015,101.845,101.985,101.615,0.09%,62.41,63.145,62.375,-1.07%
460,03/08/2015,101.75,102.05,101.75,-0.10%,63.083,63.126,62.398,1.00%
461,03/01/2015,101.85,102.0,101.6,0.15%,62.46,62.463,61.659,1.30%
462,02/22/2015,101.7,101.87,101.35,0.35%,61.659,62.36,61.658,-0.72%
463,02/15/2015,101.35,101.6,101.05,0.15%,62.109,62.361,62.005,0.05%
464,02/08/2015,101.2,101.52,100.9,0.10%,62.076,62.54,61.93,0.17%
465,02/01/2015,101.1,101.34,100.65,0.45%,61.97,62.08,61.56,-0.08%
466,01/25/2015,100.65,101.0,100.55,0.10%,62.02,62.035,61.265,0.94%
467,01/18/2015,100.55,100.95,100.55,-0.05%,61.44,61.91,61.373,-0.70%
468,01/11/2015,100.6,101.0,100.6,-0.35%,61.87,62.35,61.485,-0.78%
469,01/04/2015,100.95,101.25,100.4,0.50%,62.355,63.63,62.3,-1.47%
470,12/28/2014,100.45,100.85,100.4,0.00%,63.285,63.805,63.045,-0.44%
471,12/21/2014,100.45,100.8,99.4,-0.10%,63.562,63.69,63.135,0.50%
472,12/14/2014,100.55,101.5,100.35,-0.89%,63.245,63.885,62.205,1.15%
473,12/07/2014,101.45,102.17,101.32,-0.34%,62.525,62.535,61.77,0.98%
474,11/30/2014,101.8,101.97,101.55,0.20%,61.918,62.245,61.78,-0.47%
475,11/23/2014,101.6,102.28,101.35,-0.05%,62.21,62.25,61.665,0.72%
476,11/16/2014,101.65,102.7,101.55,-0.73%,61.767,62.225,61.625,0.08%
477,11/09/2014,102.4,103.04,102.05,-0.34%,61.715,61.86,61.37,0.32%
478,11/02/2014,102.75,103.4,102.75,-0.24%,61.52,61.7,61.3,0.19%
479,10/26/2014,103.0,103.13,102.75,0.24%,61.405,61.615,61.162,0.38%
480,10/19/2014,102.75,103.07,102.5,-0.05%,61.17,61.38,61.01,-0.32%
481,10/12/2014,102.8,102.9,102.4,0.29%,61.365,61.95,60.935,0.13%
482,10/05/2014,102.5,102.8,102.5,-0.19%,61.285,61.53,60.91,-0.42%
483,09/28/2014,102.7,102.88,102.65,0.02%,61.545,61.96,61.15,0.65%
484,09/21/2014,102.68,103.0,102.2,0.47%,61.145,61.625,60.745,0.47%
485,09/14/2014,102.2,102.65,102.0,0.15%,60.86,61.215,60.66,0.34%
486,09/07/2014,102.05,102.55,101.1,0.20%,60.655,61.04,60.203,0.43%
487,08/31/2014,101.85,102.75,101.0,0.74%,60.395,60.695,60.335,-0.21%
488,08/24/2014,101.1,101.3,99.88,1.15%,60.52,60.707,60.36,0.08%
489,08/17/2014,99.95,100.0,98.85,1.11%,60.47,60.885,60.365,-0.51%
490,08/10/2014,98.85,98.93,98.75,0.10%,60.78,61.315,60.775,-0.60%
491,08/03/2014,98.75,98.9,98.7,0.02%,61.145,61.745,60.695,-0.11%
492,07/27/2014,98.73,98.95,98.58,-0.07%,61.215,61.225,60.06,1.92%
493,07/20/2014,98.8,98.95,98.65,0.10%,60.06,60.35,59.935,-0.37%
494,07/13/2014,98.7,98.94,98.65,0.03%,60.285,60.455,59.905,0.32%
495,07/06/2014,98.675,98.775,98.425,-0.03%,60.095,60.315,59.585,0.62%
496,06/29/2014,98.7,98.92,98.35,0.27%,59.725,60.27,59.53,-0.53%
497,06/22/2014,98.43,98.7,98.25,0.13%,60.045,60.4,60.015,-0.22%
498,06/15/2014,98.3,98.7,98.28,-0.28%,60.175,60.545,59.715,0.78%
499,06/08/2014,98.58,98.75,98.4,-0.10%,59.71,59.81,58.98,0.90%
500,06/01/2014,98.68,98.9,98.6,-0.22%,59.175,59.455,59.065,-0.03%
501,05/25/2014,98.9,98.93,98.5,0.41%,59.195,59.23,58.42,1.14%
502,05/18/2014,98.5,98.96,98.15,-0.05%,58.525,58.875,58.255,-0.10%
503,05/11/2014,98.55,98.95,98.2,-0.30%,58.585,60.125,58.585,-2.30%
504,05/04/2014,98.85,98.88,98.1,0.76%,59.965,60.245,59.87,-0.37%
505,04/27/2014,98.1,98.15,97.5,0.53%,60.185,60.75,60.105,-0.76%
506,04/20/2014,97.58,97.6,95.8,1.20%,60.645,61.195,60.265,0.58%
507,04/13/2014,96.42,98.27,96.1,-1.76%,60.295,60.505,60.185,0.19%
508,04/06/2014,98.15,98.52,97.95,0.08%,60.18,60.345,59.765,0.16%
509,03/30/2014,98.07,98.1,97.7,-0.01%,60.085,60.398,59.575,0.33%
510,03/23/2014,98.08,99.4,97.95,-1.33%,59.89,60.86,59.69,-1.66%
511,03/16/2014,99.4,102.8,97.8,-3.31%,60.9,61.385,60.865,-0.50%
512,03/09/2014,102.8,105.03,102.8,-2.00%,61.205,61.555,60.605,0.20%
513,03/02/2014,104.9,105.13,104.9,-0.08%,61.085,62.145,60.945,-1.15%
514,02/23/2014,104.98,105.05,104.7,0.12%,61.795,62.16,61.755,-0.56%
515,02/16/2014,104.85,105.5,104.8,-0.52%,62.14,62.45,61.83,0.46%
516,02/09/2014,105.4,105.63,105.35,-0.11%,61.855,62.495,61.845,-0.72%
517,02/02/2014,105.52,105.63,105.3,0.07%,62.305,62.835,62.25,-0.61%
518,01/26/2014,105.45,105.61,105.3,0.14%,62.685,63.325,62.105,-0.02%
519,01/19/2014,105.3,105.9,105.3,-0.19%,62.695,62.745,61.465,1.87%
520,01/12/2014,105.5,105.69,105.1,0.38%,61.545,61.715,61.32,-0.58%
521,01/05/2014,105.1,105.78,105.1,-0.38%,61.907,62.475,61.825,-0.46%
522,12/29/2013,105.5,106.3,105.1,-0.66%,62.19,62.565,61.718,0.40%
523,12/22/2013,106.2,107.35,106.11,-0.89%,61.94,62.175,61.724,-0.10%
524,12/15/2013,107.15,108.41,107.05,-1.11%,62.0,62.495,61.63,-0.31%
525,12/08/2013,108.35,108.7,108.3,-0.09%,62.195,62.297,60.84,1.24%
526,12/01/2013,108.45,108.62,107.6,0.79%,61.435,62.538,61.273,-1.54%
527,11/24/2013,107.6,107.75,107.35,0.09%,62.399,62.7,62.15,-0.53%
528,11/17/2013,107.5,107.65,107.3,0.09%,62.733,63.095,61.88,-0.39%
529,11/10/2013,107.4,107.47,106.85,0.47%,62.98,63.91,62.925,0.80%
530,11/03/2013,106.9,106.96,106.1,0.47%,62.48,62.834,61.615,1.18%
531,10/27/2013,106.4,106.62,106.03,0.28%,61.75,62.025,61.085,0.46%
532,10/20/2013,106.1,106.28,105.7,-0.05%,61.465,61.845,61.085,0.37%
533,10/13/2013,106.15,106.36,105.95,-0.05%,61.24,61.955,60.94,0.36%
534,10/06/2013,106.2,106.29,105.65,0.52%,61.02,62.31,60.96,-0.68%
535,09/29/2013,105.65,106.7,105.3,0.05%,61.435,63.035,61.255,-1.73%
536,09/22/2013,105.6,106.15,105.0,0.57%,62.515,62.92,61.773,0.45%
537,09/15/2013,105.0,105.05,104.6,0.29%,62.235,63.635,61.65,-1.81%
538,09/08/2013,104.7,105.04,104.5,0.00%,63.38,64.555,62.925,-2.86%
539,09/01/2013,104.7,105.04,104.4,0.14%,65.245,68.605,65.005,-0.70%
540,08/25/2013,104.55,104.58,103.5,1.01%,65.705,68.805,63.643,3.96%
541,08/18/2013,103.5,103.76,102.75,0.63%,63.205,65.575,62.24,2.50%
542,08/11/2013,102.85,102.9,102.1,0.64%,61.665,62.015,60.495,1.62%
543,08/04/2013,102.2,102.55,101.9,0.25%,60.68,61.868,60.68,-0.70%
544,07/28/2013,101.95,102.16,101.25,0.59%,61.105,61.2,58.955,3.49%
545,07/21/2013,101.35,101.52,100.5,0.65%,59.046,59.882,58.706,-0.50%
546,07/14/2013,100.7,101.0,100.06,0.54%,59.34,60.085,59.05,-0.92%
547,07/07/2013,100.16,100.27,99.85,0.11%,59.891,61.22,59.33,-0.56%
548,06/30/2013,100.05,100.3,99.4,0.50%,60.23,60.6,58.971,1.17%
549,06/23/2013,99.55,99.55,98.8,0.66%,59.533,60.77,59.21,0.44%
550,06/16/2013,98.9,99.02,98.4,0.36%,59.275,59.98,57.555,3.08%
551,06/09/2013,98.55,98.63,98.4,0.02%,57.505,58.995,57.172,0.77%
552,06/02/2013,98.53,98.64,98.4,0.01%,57.065,57.135,56.315,0.86%
553,05/26/2013,98.52,98.67,98.2,0.12%,56.58,56.77,55.53,1.36%
554,05/19/2013,98.4,98.59,98.2,-0.10%,55.82,56.02,54.95,1.69%
555,05/12/2013,98.5,98.65,98.32,0.07%,54.895,55.035,54.55,0.16%
556,05/05/2013,98.43,98.55,98.22,0.11%,54.81,54.9,53.78,1.86%
557,04/28/2013,98.32,98.57,98.22,-0.16%,53.81,54.408,53.64,-1.05%
558,04/21/2013,98.48,98.54,98.3,0.08%,54.38,54.445,53.925,0.82%
559,04/14/2013,98.4,98.5,98.2,0.10%,53.94,54.805,53.77,-1.06%
560,04/07/2013,98.3,98.5,98.1,-0.12%,54.52,54.85,54.26,-0.53%
561,03/31/2013,98.42,98.51,98.1,-0.03%,54.81,54.955,54.175,0.97%
562,03/24/2013,98.45,98.55,98.1,0.18%,54.285,54.515,54.055,-0.12%
563,03/17/2013,98.27,98.33,97.95,0.11%,54.35,54.57,53.9,0.59%
564,03/10/2013,98.16,98.17,97.65,0.42%,54.03,54.531,53.98,-0.59%
565,03/03/2013,97.75,98.31,97.65,-0.51%,54.35,55.14,54.275,-1.01%
566,02/24/2013,98.25,98.31,98.05,0.10%,54.905,54.945,53.605,1.15%
567,02/17/2013,98.15,98.3,98.0,0.03%,54.28,54.625,54.03,-0.08%
568,02/10/2013,98.12,98.22,97.82,0.20%,54.325,54.355,53.515,1.36%
569,02/03/2013,97.92,98.0,97.6,0.12%,53.595,53.685,52.895,0.80%
570,01/27/2013,97.8,97.9,97.55,0.05%,53.17,54.055,53.075,-1.17%
571,01/20/2013,97.75,97.82,97.55,0.02%,53.8,53.97,53.385,0.10%
572,01/13/2013,97.73,97.75,97.22,0.39%,53.745,54.9,53.715,-2.06%
573,01/06/2013,97.35,97.6,97.18,-0.15%,54.875,55.395,54.36,-0.12%
574,12/30/2012,97.5,97.68,96.95,0.15%,54.94,55.185,54.17,0.33%
575,12/23/2012,97.35,97.78,97.15,-0.24%,54.76,55.215,54.685,-0.55%
576,12/16/2012,97.58,98.34,97.3,-0.12%,55.065,55.285,54.285,1.14%
577,12/09/2012,97.7,98.0,96.7,0.93%,54.445,54.695,54.115,0.18%
578,12/02/2012,96.8,96.82,96.43,0.23%,54.345,54.975,54.03,0.15%
579,11/25/2012,96.58,96.73,95.95,0.50%,54.265,55.885,54.23,-2.14%
580,11/18/2012,96.1,96.2,95.85,0.10%,55.45,55.61,54.79,0.52%
581,11/11/2012,96.0,96.15,95.7,0.00%,55.165,55.195,54.585,1.04%
582,11/04/2012,96.0,96.38,95.7,0.21%,54.595,54.808,53.765,1.45%
583,10/28/2012,95.8,96.04,95.4,-0.05%,53.815,54.209,53.602,0.49%
584,10/21/2012,95.85,95.95,95.32,0.42%,53.555,53.895,53.34,-0.54%
585,10/14/2012,95.45,95.6,95.2,-0.05%,53.845,53.995,52.675,1.96%
586,10/07/2012,95.5,95.66,95.3,-0.02%,52.81,53.185,51.745,1.72%
587,09/30/2012,95.52,95.6,94.77,0.65%,51.915,53.015,51.365,-1.78%
588,09/23/2012,94.9,95.05,94.44,0.26%,52.855,53.635,52.505,-0.96%
589,09/16/2012,94.65,94.71,94.35,0.00%,53.365,54.42,53.33,-1.73%
590,09/09/2012,94.65,94.82,94.42,-0.11%,54.305,55.545,54.295,-1.91%
591,09/02/2012,94.75,94.92,94.45,0.21%,55.365,56.03,55.275,-0.29%
592,08/26/2012,94.55,95.03,94.4,-0.42%,55.525,55.885,55.345,0.04%
593,08/19/2012,94.95,95.0,94.32,0.45%,55.505,55.685,55.13,-0.41%
594,08/12/2012,94.52,94.95,94.0,0.45%,55.735,56.04,55.188,0.81%
595,08/05/2012,94.1,94.43,93.9,-0.63%,55.285,55.655,54.96,-0.84%
596,07/29/2012,94.7,94.8,94.35,0.11%,55.755,56.2,55.135,0.90%
597,07/22/2012,94.6,94.75,94.25,0.19%,55.255,56.445,55.235,-0.13%
598,07/15/2012,94.42,94.76,94.25,0.02%,55.325,55.55,54.767,0.33%
599,07/08/2012,94.4,94.63,93.67,0.32%,55.145,56.075,55.105,-0.48%
600,07/01/2012,94.1,94.89,93.9,-0.51%,55.41,55.92,54.18,-0.18%
601,06/24/2012,94.58,94.76,94.25,0.08%,55.51,57.25,55.51,-2.83%
602,06/17/2012,94.5,94.6,93.73,0.32%,57.125,57.33,55.265,3.12%
603,06/10/2012,94.2,94.59,94.05,-0.16%,55.395,56.08,55.02,-0.05%
604,06/03/2012,94.35,94.4,93.33,0.67%,55.425,55.92,54.83,-0.22%
605,05/27/2012,93.72,94.2,91.56,2.09%,55.545,56.53,55.02,0.31%
606,05/20/2012,91.8,92.32,90.66,0.93%,55.375,56.392,54.44,1.75%
607,05/13/2012,90.95,91.12,90.68,-0.03%,54.425,54.915,53.535,1.47%
608,05/06/2012,90.98,91.01,90.66,0.20%,53.635,53.915,52.675,0.30%
609,04/29/2012,90.8,91.15,90.64,-0.16%,53.475,53.925,52.395,1.77%
610,04/22/2012,90.95,91.04,90.64,0.17%,52.545,52.87,51.945,0.90%
611,04/15/2012,90.8,90.88,90.5,0.22%,52.075,52.205,51.335,1.02%
612,04/08/2012,90.6,90.85,90.5,0.00%,51.55,51.65,51.03,0.85%
613,04/01/2012,90.6,90.8,90.07,-0.02%,51.115,51.235,50.514,0.47%
614,03/25/2012,90.62,90.88,90.5,-0.28%,50.875,51.49,50.565,-0.59%
615,03/18/2012,90.87,90.9,90.5,0.30%,51.175,51.295,50.072,2.06%
616,03/11/2012,90.6,90.89,90.48,-0.17%,50.14,50.5,49.725,0.76%
617,03/04/2012,90.75,91.15,90.55,-0.33%,49.76,50.763,49.48,0.47%
618,02/26/2012,91.05,91.13,90.75,0.11%,49.525,49.605,48.835,1.04%
619,02/19/2012,90.95,91.0,90.6,0.11%,49.015,49.335,48.94,-0.63%
620,02/12/2012,90.85,90.99,90.5,0.11%,49.325,49.555,49.105,-0.07%
621,02/05/2012,90.75,90.9,90.4,0.28%,49.36,49.77,48.61,1.54%
622,01/29/2012,90.5,90.54,90.1,0.33%,48.61,49.815,48.61,-1.59%
623,01/22/2012,90.2,90.39,89.95,-0.06%,49.395,50.415,49.305,-1.66%
624,01/15/2012,90.25,90.5,89.75,-0.06%,50.23,51.805,50.08,-2.35%
625,01/08/2012,90.3,91.16,89.7,-0.44%,51.44,52.885,51.31,-2.35%
626,01/01/2012,90.7,90.8,89.77,0.91%,52.68,53.35,52.615,-0.63%
627,12/25/2011,89.88,90.11,89.27,0.65%,53.015,53.495,52.665,0.43%
628,12/18/2011,89.3,90.08,89.0,-0.45%,52.79,53.25,52.4,0.55%
629,12/11/2011,89.7,89.95,88.95,0.73%,52.5,54.33,52.13,1.20%
630,12/04/2011,89.05,89.52,88.8,-0.45%,51.875,52.355,50.945,1.50%
631,11/27/2011,89.45,89.55,87.8,1.82%,51.11,52.435,51.11,-1.98%
632,11/20/2011,87.85,88.1,87.1,0.72%,52.14,52.735,51.1,1.77%
633,11/13/2011,87.22,87.25,86.45,0.56%,51.235,51.405,49.865,2.46%
634,11/06/2011,86.73,86.78,86.2,0.44%,50.005,50.37,48.935,2.05%
635,10/30/2011,86.35,86.71,85.86,-0.40%,49.0,49.567,48.54,0.78%
636,10/23/2011,86.7,86.95,86.57,-0.23%,48.62,50.02,48.62,-2.47%
637,10/16/2011,86.9,86.93,86.48,0.29%,49.85,50.33,48.69,1.69%
638,10/09/2011,86.65,87.6,86.42,-0.86%,49.02,49.485,48.76,-0.04%
639,10/02/2011,87.405,87.555,87.05,-0.05%,49.04,49.58,48.9,0.04%
640,09/25/2011,87.45,87.7,87.26,-0.18%,49.02,49.785,48.66,-0.67%
641,09/18/2011,87.605,87.895,87.45,-0.18%,49.35,49.895,47.25,4.27%
642,09/11/2011,87.76,87.94,87.3,0.30%,47.33,48.01,46.35,1.81%
643,09/04/2011,87.5,87.7,87.1,0.21%,46.49,46.67,45.66,1.54%
644,08/28/2011,87.32,87.4,86.85,0.18%,45.785,46.145,45.655,-0.81%
645,08/21/2011,87.16,87.16,86.7,0.22%,46.16,46.225,45.5,1.07%
646,08/14/2011,86.97,87.0,86.38,0.39%,45.67,45.758,45.11,0.59%
647,08/07/2011,86.635,86.715,86.25,0.02%,45.4,45.46,44.58,1.52%
648,07/31/2011,86.615,86.815,86.1,0.05%,44.72,44.855,43.97,1.15%
649,07/24/2011,86.57,86.68,86.11,0.45%,44.21,44.447,43.86,-0.32%
650,07/17/2011,86.18,86.36,86.0,0.12%,44.35,44.67,44.27,-0.37%
651,07/10/2011,86.075,86.175,85.76,0.19%,44.515,44.765,44.295,0.30%
652,07/03/2011,85.915,86.125,85.75,-0.01%,44.38,44.55,44.2,-0.56%
653,06/26/2011,85.925,86.115,85.84,0.00%,44.63,45.15,44.5,-0.81%
654,06/19/2011,85.925,85.985,85.48,0.08%,44.995,45.06,44.625,0.44%
655,06/12/2011,85.855,85.955,85.59,0.18%,44.8,44.975,44.55,0.16%
656,06/05/2011,85.7,86.25,85.5,-0.31%,44.73,44.835,44.53,-0.22%
657,05/29/2011,85.97,86.06,85.65,0.13%,44.83,45.148,44.7,-0.77%
658,05/22/2011,85.86,86.63,85.32,-0.58%,45.18,45.438,44.9,0.51%
659,05/15/2011,86.36,86.43,85.1,1.27%,44.95,45.185,44.75,0.19%
660,05/08/2011,85.275,85.325,84.45,0.12%,44.865,45.055,44.535,0.30%
661,05/01/2011,85.175,85.175,84.25,0.53%,44.73,44.91,44.15,1.07%
662,04/24/2011,84.725,84.825,84.01,0.56%,44.255,44.633,44.145,0.15%
663,04/17/2011,84.255,84.615,83.95,-0.11%,44.19,44.705,44.12,-0.19%
664,04/10/2011,84.35,85.21,83.65,-0.75%,44.275,44.612,43.907,0.44%
665,04/03/2011,84.99,85.47,84.55,-0.49%,44.08,44.487,44.0,-0.71%
666,03/27/2011,85.405,85.405,84.4,0.14%,44.395,44.922,44.395,-0.69%
667,03/20/2011,85.285,85.625,84.6,-0.21%,44.705,45.12,44.525,-0.69%
668,03/13/2011,85.465,85.665,84.75,-0.01%,45.015,45.377,44.955,-0.13%
669,03/06/2011,85.475,85.475,84.6,0.07%,45.075,45.3,44.825,0.37%
670,02/27/2011,85.415,85.785,85.1,-0.30%,44.91,45.33,44.82,-0.81%
671,02/20/2011,85.675,85.765,85.0,0.29%,45.275,45.517,44.885,0.35%
672,02/13/2011,85.43,85.53,84.8,0.62%,45.115,45.615,45.135,-1.10%
673,02/06/2011,84.9,85.63,84.5,-0.82%,45.615,45.795,45.075,0.09%
674,01/30/2011,85.6,85.81,85.38,0.00%,45.575,46.025,45.365,-0.75%
675,01/23/2011,85.6,86.05,85.45,-0.35%,45.92,45.92,45.42,0.64%
676,01/16/2011,85.9,86.1,85.41,0.35%,45.63,45.84,45.18,0.58%
677,01/09/2011,85.6,85.87,85.34,-0.23%,45.365,45.565,44.905,0.02%
678,01/02/2011,85.8,85.88,85.4,0.12%,45.355,45.535,44.525,1.44%
679,12/26/2010,85.7,85.99,85.41,-0.06%,44.713,45.293,44.662,-0.70%
680,12/19/2010,85.75,86.0,85.4,-0.06%,45.03,45.68,44.92,-0.32%
681,12/12/2010,85.8,85.95,85.6,-0.12%,45.175,45.635,44.855,0.43%
682,12/05/2010,85.9,86.0,85.4,0.06%,44.98,45.37,44.59,0.14%
683,11/28/2010,85.85,86.07,85.5,0.00%,44.915,46.125,44.905,-1.99%
684,11/21/2010,85.85,85.91,85.3,0.53%,45.825,45.91,45.03,1.21%
685,11/14/2010,85.4,85.8,85.2,-0.35%,45.275,45.595,44.585,1.09%
686,11/07/2010,85.7,85.74,85.09,0.41%,44.785,44.885,43.815,1.96%
687,10/31/2010,85.35,86.05,85.2,-0.66%,43.925,44.505,43.865,-0.90%
688,10/24/2010,85.92,86.08,85.5,-0.03%,44.325,44.645,44.195,-0.43%
689,10/17/2010,85.95,86.22,85.55,0.06%,44.515,44.615,44.015,1.00%
690,10/10/2010,85.9,86.41,85.61,-0.17%,44.075,44.79,43.995,-0.77%
691,10/03/2010,86.05,86.55,85.55,-0.29%,44.415,44.81,44.075,0.09%
692,09/26/2010,86.3,86.44,85.73,0.21%,44.375,45.31,44.365,-1.63%
693,09/19/2010,86.12,86.15,85.45,0.61%,45.11,45.89,45.11,-1.62%
694,09/12/2010,85.6,85.92,85.35,-0.01%,45.855,46.48,45.785,-0.93%
695,09/05/2010,85.61,86.18,85.35,-0.16%,46.285,46.93,46.175,-0.43%
696,08/29/2010,85.75,85.87,85.15,0.12%,46.485,47.17,46.395,-0.69%
697,08/22/2010,85.65,85.8,85.1,-0.06%,46.81,47.04,46.285,0.42%
698,08/15/2010,85.7,85.81,85.25,0.06%,46.615,46.905,46.185,-0.02%
699,08/08/2010,85.65,85.86,85.33,-0.12%,46.625,47.055,45.755,1.39%
700,08/01/2010,85.75,85.94,85.2,0.53%,45.985,46.345,45.735,-0.91%
701,07/25/2010,85.3,85.77,85.17,-0.12%,46.405,47.055,46.315,-1.09%
702,07/18/2010,85.4,85.71,85.15,-0.47%,46.915,47.435,46.625,0.41%
703,07/11/2010,85.8,86.3,85.3,-0.06%,46.725,46.97,46.245,0.13%
704,07/04/2010,85.85,85.85,85.15,0.41%,46.665,47.155,46.315,0.17%
705,06/27/2010,85.5,85.62,84.9,0.12%,46.585,46.815,45.825,1.11%
706,06/20/2010,85.4,85.59,84.92,-0.18%,46.075,46.655,45.515,0.09%
707,06/13/2010,85.55,85.57,84.95,0.29%,46.035,46.785,45.925,-1.58%
708,06/06/2010,85.3,85.55,85.0,0.18%,46.775,47.475,46.365,-0.23%
709,05/30/2010,85.15,85.58,84.76,-0.06%,46.885,47.295,46.195,1.21%
710,05/23/2010,85.2,85.59,84.12,0.71%,46.325,47.765,46.325,-1.28%
711,05/16/2010,84.6,84.7,84.05,0.30%,46.925,47.355,45.065,3.64%
712,05/09/2010,84.35,84.65,83.57,0.00%,45.275,45.405,44.685,-0.64%
713,05/02/2010,84.35,84.4,83.65,0.42%,45.565,45.75,44.195,2.91%
714,04/25/2010,84.0,84.39,83.62,-0.30%,44.275,44.775,44.165,-0.09%
715,04/18/2010,84.25,84.35,83.55,0.24%,44.315,44.765,44.205,0.09%
716,04/11/2010,84.05,84.41,83.45,0.00%,44.275,44.705,44.075,0.23%
717,04/04/2010,84.05,84.5,83.3,-0.47%,44.175,44.805,44.165,-1.32%
718,03/28/2010,84.45,84.7,83.5,0.72%,44.765,45.205,44.625,-0.82%
719,03/21/2010,83.85,84.55,83.35,-0.24%,45.135,45.725,45.125,-0.70%
720,03/14/2010,84.05,84.65,83.85,0.54%,45.455,45.7,45.235,-0.02%
721,03/07/2010,83.6,84.95,83.5,-1.30%,45.465,45.665,45.265,0.02%
722,02/28/2010,84.7,85.19,84.5,-0.53%,45.455,46.167,45.455,-1.41%
723,02/21/2010,85.15,85.25,84.6,0.24%,46.105,46.535,45.955,-0.14%
724,02/14/2010,84.95,85.27,84.52,0.30%,46.17,46.51,45.74,-0.55%
725,02/07/2010,84.7,85.22,84.45,0.00%,46.425,46.89,46.185,-0.47%
726,01/31/2010,84.7,85.17,84.6,0.06%,46.645,46.775,45.785,1.13%
727,01/24/2010,84.65,85.03,84.2,0.12%,46.125,46.555,45.865,-0.22%
728,01/17/2010,84.55,84.92,83.85,0.36%,46.225,46.355,45.365,0.95%
729,01/10/2010,84.25,85.1,84.0,-0.71%,45.79,45.83,45.1,0.70%
730,01/03/2010,84.85,85.15,84.1,0.53%,45.47,46.64,45.47,-2.46%
731,12/27/2009,84.4,84.68,83.4,0.12%,46.615,46.778,46.385,0.23%
732,12/20/2009,84.3,84.52,83.82,0.12%,46.51,46.92,46.51,-0.46%
733,12/13/2009,84.2,84.65,83.83,0.12%,46.725,47.045,46.385,0.53%
734,12/06/2009,84.1,84.48,83.35,0.54%,46.48,46.875,46.01,0.66%
735,11/29/2009,83.65,83.75,83.15,0.12%,46.175,46.56,45.885,-0.62%
736,11/22/2009,83.55,83.71,83.05,-0.05%,46.465,47.09,45.845,-0.24%
737,11/15/2009,83.595,83.735,83.0,0.23%,46.575,46.775,45.775,0.83%
738,11/08/2009,83.4,83.65,82.9,0.12%,46.19,46.76,46.1,-1.36%
739,11/01/2009,83.3,84.05,83.12,-0.12%,46.825,47.435,46.735,-0.21%
740,10/25/2009,83.4,83.88,82.8,0.24%,46.925,47.65,46.365,0.91%
741,10/18/2009,83.2,83.75,82.55,0.12%,46.5,46.83,45.84,0.59%
742,10/11/2009,83.1,83.58,82.65,-0.24%,46.225,46.705,45.795,-0.62%
743,10/04/2009,83.3,83.52,82.82,0.06%,46.515,47.665,46.075,-2.34%
744,09/27/2009,83.25,83.45,82.35,0.42%,47.63,48.16,47.61,-0.66%
745,09/20/2009,82.9,83.12,82.3,-0.12%,47.945,48.285,47.835,-0.14%
746,09/13/2009,83.0,83.25,82.1,0.28%,48.01,48.81,47.89,-0.62%
747,09/06/2009,82.77,83.2,82.05,-0.01%,48.31,48.787,48.19,-0.95%
748,08/30/2009,82.775,83.455,82.0,-0.33%,48.775,49.225,48.345,0.49%
749,08/23/2009,83.05,83.28,82.15,0.24%,48.535,49.065,48.245,0.24%
750,08/16/2009,82.85,83.2,82.0,0.42%,48.42,48.995,48.01,0.46%
751,08/09/2009,82.5,83.12,82.05,0.18%,48.2,48.6,47.46,1.07%
752,08/02/2009,82.35,83.62,81.95,-0.66%,47.69,47.99,47.15,-0.28%
753,07/26/2009,82.9,83.55,81.6,0.97%,47.825,48.605,47.775,-0.55%
754,07/19/2009,82.1,82.45,81.25,0.00%,48.09,48.69,48.01,-0.99%
755,07/12/2009,82.1,82.7,81.35,0.49%,48.57,49.455,48.28,-0.41%
756,07/05/2009,81.7,82.09,80.8,0.29%,48.77,49.07,47.61,2.00%
757,06/28/2009,81.46,81.95,80.4,0.26%,47.815,48.285,47.575,-0.46%
758,06/21/2009,81.25,81.82,80.1,0.00%,48.035,48.955,47.795,0.02%
759,06/14/2009,81.25,81.4,80.0,0.56%,48.025,48.345,47.225,1.21%
760,06/07/2009,80.8,81.3,79.8,0.31%,47.45,47.785,46.81,1.06%
761,05/31/2009,80.55,81.4,80.1,-0.68%,46.95,47.36,46.58,-0.36%
762,05/24/2009,81.1,81.22,79.6,1.25%,47.12,48.09,46.67,0.62%
763,05/17/2009,80.1,81.45,79.8,-0.99%,46.83,49.31,46.83,-5.03%
764,05/10/2009,80.9,81.08,79.55,0.37%,49.31,50.03,48.91,0.32%
765,05/03/2009,80.6,80.9,79.45,0.56%,49.155,49.975,49.025,-1.05%
766,04/26/2009,80.15,80.7,79.4,-0.43%,49.675,50.585,49.525,0.13%
767,04/19/2009,80.5,80.8,79.4,0.00%,49.61,50.63,49.53,-0.36%
768,04/12/2009,80.5,81.04,79.3,0.25%,49.79,50.08,49.33,0.00%
769,04/05/2009,80.3,80.87,78.85,-0.12%,49.79,50.68,49.66,-0.22%
770,03/29/2009,80.4,80.88,79.4,-0.06%,49.9,51.33,49.72,-1.24%
771,03/22/2009,80.45,80.7,79.3,0.04%,50.525,51.125,50.075,0.01%
772,03/15/2009,80.42,81.14,79.25,0.27%,50.52,51.7,50.03,-2.00%
773,03/08/2009,80.2,80.8,79.05,-0.31%,51.55,52.02,50.85,-0.27%
774,03/01/2009,80.45,80.8,78.8,0.88%,51.69,52.14,50.71,1.34%
775,02/22/2009,79.75,80.24,78.7,0.44%,51.005,51.195,49.225,2.95%
776,02/15/2009,79.4,80.6,79.15,-0.38%,49.545,50.09,48.425,1.95%
777,02/08/2009,79.7,79.85,78.4,0.61%,48.595,48.975,48.185,-0.07%
778,02/01/2009,79.22,79.6,77.95,0.22%,48.63,49.14,48.2,-0.45%
779,01/25/2009,79.05,79.3,78.3,0.00%,48.85,49.15,48.41,-0.46%
780,01/18/2009,79.05,80.85,78.0,-0.19%,49.075,49.345,48.205,0.88%
781,01/11/2009,79.2,79.6,77.25,0.38%,48.645,49.225,47.975,1.20%
782,01/04/2009,78.9,79.9,75.3,0.13%,48.07,49.31,47.91,-0.10%
783,12/28/2008,78.8,79.6,77.5,0.19%,48.12,49.13,47.96,-0.65%
784,12/21/2008,78.65,79.35,77.5,-0.79%,48.435,49.195,46.715,2.73%
785,12/14/2008,79.275,81.825,77.55,1.21%,47.15,48.29,46.44,-2.74%
786,12/07/2008,78.325,79.565,77.5,-0.44%,48.48,49.64,47.97,-2.04%
787,11/30/2008,78.675,79.115,77.8,0.35%,49.49,50.59,49.22,-0.17%
788,11/23/2008,78.4,79.2,77.75,-0.63%,49.575,50.275,48.615,0.04%
789,11/16/2008,78.9,80.4,78.12,-1.09%,49.555,50.595,48.545,1.57%
790,11/09/2008,79.77,81.2,79.6,-1.27%,48.79,49.49,47.01,2.74%
791,11/02/2008,80.8,81.55,80.3,-0.89%,47.49,49.16,46.71,-3.72%
792,10/26/2008,81.525,82.475,80.5,0.77%,49.325,50.315,48.745,-0.89%
793,10/19/2008,80.9,84.0,80.2,-2.06%,49.77,50.16,48.21,2.17%
794,10/12/2008,82.6,84.5,78.35,4.89%,48.715,49.185,47.565,0.72%
795,10/05/2008,78.75,79.95,76.2,2.41%,48.365,49.315,46.545,3.34%
796,09/28/2008,76.9,78.32,76.5,-1.22%,46.8,47.44,46.04,0.60%
797,09/21/2008,77.85,78.6,77.2,0.58%,46.52,46.84,45.23,1.55%
798,09/14/2008,77.4,78.3,75.5,1.98%,45.81,47.0,45.47,0.22%
799,09/07/2008,75.9,77.0,75.5,-0.26%,45.71,45.97,44.11,2.34%
800,08/31/2008,76.1,77.45,75.55,0.40%,44.665,44.76,43.475,1.81%
801,08/24/2008,75.8,77.05,74.75,-0.13%,43.87,44.16,43.13,1.25%
802,08/17/2008,75.9,77.2,73.0,-0.46%,43.33,43.87,42.59,1.21%
803,08/10/2008,76.25,77.0,72.3,5.32%,42.81,43.07,41.75,1.98%
804,08/03/2008,72.4,72.9,71.05,1.26%,41.98,42.55,41.77,-0.69%
805,07/27/2008,71.5,71.95,70.5,1.27%,42.27,42.79,41.96,0.26%
806,07/20/2008,70.6,71.3,69.9,-0.14%,42.16,42.89,41.74,-1.35%
807,07/13/2008,70.7,72.25,68.95,0.64%,42.735,43.32,42.565,-0.11%
808,07/06/2008,70.25,73.6,69.35,0.74%,42.78,43.46,42.63,-0.86%
809,06/29/2008,69.735,69.875,67.85,1.95%,43.15,43.56,42.61,0.84%
810,06/22/2008,68.4,68.59,67.1,1.63%,42.79,43.0,42.4,-0.13%
811,06/15/2008,67.3,67.6,66.3,1.36%,42.845,43.005,42.615,-0.08%
812,06/08/2008,66.4,67.87,66.3,-1.79%,42.88,43.01,42.43,0.50%
813,06/01/2008,67.61,67.95,66.3,1.75%,42.665,42.995,42.125,1.20%
814,05/25/2008,66.45,68.4,66.25,-2.42%,42.16,42.99,42.16,-0.92%
815,05/18/2008,68.1,69.85,67.5,-0.58%,42.55,43.21,42.19,0.33%
816,05/11/2008,68.5,69.3,66.45,1.41%,42.41,42.93,41.32,2.03%
817,05/04/2008,67.55,69.57,65.1,3.68%,41.565,41.845,40.465,2.48%
818,04/27/2008,65.155,65.265,64.19,1.17%,40.56,40.78,39.91,1.24%
819,04/20/2008,64.4,64.74,63.45,0.66%,40.065,40.295,39.615,0.78%
820,04/13/2008,63.975,64.195,63.16,1.35%,39.755,39.995,39.695,-0.21%
821,04/06/2008,63.125,63.345,62.74,0.28%,39.84,40.07,39.66,-0.04%
822,03/30/2008,62.95,63.05,62.55,0.16%,39.855,40.175,39.615,-0.04%
823,03/23/2008,62.85,63.0,62.15,0.08%,39.87,40.46,39.69,0.00%
824,03/16/2008,62.8,63.09,62.62,0.04%,39.87,40.84,39.87,-1.45%
825,03/09/2008,62.775,62.945,62.55,0.31%,40.455,40.737,40.045,0.06%
826,03/02/2008,62.58,63.01,62.48,-0.19%,40.43,40.65,39.76,1.28%
827,02/24/2008,62.7,62.73,61.9,1.13%,39.92,40.09,39.65,-0.24%
828,02/17/2008,62.0,63.21,61.47,-1.90%,40.015,40.265,39.425,0.90%
829,02/10/2008,63.2,63.36,62.8,0.64%,39.66,39.9,39.39,0.14%
830,02/03/2008,62.8,63.0,62.6,0.03%,39.605,39.71,39.145,0.94%
831,01/27/2008,62.78,62.8,62.4,0.45%,39.235,39.5,39.105,-0.27%
832,01/20/2008,62.5,62.68,62.19,0.45%,39.34,39.79,39.11,0.33%
833,01/13/2008,62.22,62.75,62.1,-0.92%,39.21,39.36,39.03,0.10%
834,01/06/2008,62.8,62.85,62.0,0.96%,39.17,39.4,39.05,-0.38%
835,12/30/2007,62.2,62.3,61.3,1.30%,39.32,39.495,39.17,-0.24%
836,12/23/2007,61.4,61.55,60.85,0.74%,39.415,39.555,39.135,0.17%
837,12/16/2007,60.95,61.18,60.6,-0.38%,39.35,39.68,39.11,0.09%
838,12/09/2007,61.18,61.4,61.08,-0.11%,39.315,39.485,39.125,-0.01%
839,12/02/2007,61.25,61.5,61.14,0.00%,39.32,39.64,39.15,-0.51%
840,11/25/2007,61.25,61.4,60.87,0.19%,39.52,39.92,39.32,-0.39%
841,11/18/2007,61.135,61.425,60.825,-0.30%,39.675,39.735,39.045,1.54%
842,11/11/2007,61.32,61.52,60.85,0.52%,39.075,39.47,39.035,-0.12%
843,11/04/2007,61.0,61.035,60.72,0.30%,39.12,39.4,39.01,-0.25%
844,10/28/2007,60.82,60.9,60.6,0.15%,39.22,39.495,39.08,-0.23%
845,10/21/2007,60.73,60.89,60.52,0.15%,39.31,39.93,39.26,-0.71%
846,10/14/2007,60.64,60.745,60.52,0.03%,39.59,39.97,39.11,1.07%
847,10/07/2007,60.62,60.88,60.52,-0.21%,39.17,39.562,39.09,-0.13%
848,09/30/2007,60.75,60.87,60.6,0.12%,39.22,39.915,39.22,-1.11%
849,09/23/2007,60.68,60.86,60.57,-0.03%,39.66,39.91,39.41,-0.15%
850,09/16/2007,60.7,60.76,60.5,0.12%,39.72,40.63,39.61,-1.59%
851,09/09/2007,60.63,60.71,60.5,0.08%,40.36,40.775,40.18,-0.35%
852,09/02/2007,60.58,60.89,60.46,-0.21%,40.5,41.0,40.41,-0.34%
853,08/26/2007,60.71,60.93,60.55,0.02%,40.64,41.39,40.64,-0.45%
854,08/19/2007,60.7,60.78,60.4,0.17%,40.825,41.267,40.615,-0.61%
855,08/12/2007,60.6,60.6,60.39,0.28%,41.075,41.73,40.425,1.48%
856,08/05/2007,60.43,60.51,60.365,0.04%,40.475,40.777,40.155,0.56%
857,07/29/2007,60.405,60.445,60.35,-0.16%,40.25,40.64,40.15,-0.36%
858,07/22/2007,60.5,60.54,60.36,0.00%,40.395,40.585,40.065,0.49%
859,07/15/2007,60.5,60.58,60.3,0.00%,40.2,40.475,40.14,-0.19%
860,07/08/2007,60.5,60.52,60.3,0.19%,40.275,40.755,40.105,0.21%
861,07/01/2007,60.385,60.495,60.3,-0.21%,40.19,40.695,40.17,-0.83%
862,06/24/2007,60.51,60.66,60.38,-0.30%,40.525,41.085,40.525,-0.20%
863,06/17/2007,60.695,60.805,60.53,0.07%,40.605,40.875,40.515,-0.02%
864,06/10/2007,60.65,60.75,60.54,-0.01%,40.615,41.105,40.395,-0.26%
865,06/03/2007,60.655,60.77,60.54,0.01%,40.72,41.24,40.15,1.12%
866,05/27/2007,60.65,60.79,60.6,-0.07%,40.27,40.885,40.21,-0.05%
867,05/20/2007,60.69,60.86,60.63,-0.16%,40.29,40.78,40.15,-0.02%
868,05/13/2007,60.79,60.88,60.5,0.36%,40.3,41.075,40.26,-1.10%
869,05/06/2007,60.57,60.78,60.47,-0.12%,40.75,41.48,40.52,0.25%
870,04/29/2007,60.64,60.76,60.49,-0.35%,40.65,41.465,40.59,-0.37%
871,04/22/2007,60.85,60.99,60.58,0.31%,40.8,41.79,40.56,-1.91%
872,04/15/2007,60.66,60.75,60.55,-0.34%,41.595,42.555,41.585,-1.99%
873,04/08/2007,60.87,61.1,60.6,-0.08%,42.44,43.08,42.34,-0.54%
874,04/01/2007,60.92,61.02,60.64,-0.07%,42.67,43.35,42.67,-1.04%
875,03/25/2007,60.96,60.99,60.55,0.43%,43.12,43.81,42.77,-0.60%
876,03/18/2007,60.7,60.81,60.55,-0.12%,43.38,44.12,43.23,-1.33%
877,03/11/2007,60.775,60.805,60.62,-0.27%,43.965,44.38,43.965,-0.27%
878,03/04/2007,60.94,60.98,60.64,0.02%,44.085,44.71,44.065,-0.06%
879,02/25/2007,60.93,60.975,60.6,0.05%,44.11,44.38,44.03,0.07%
880,02/18/2007,60.9,61.05,60.56,0.33%,44.08,44.3,43.85,0.46%
881,02/11/2007,60.7,60.925,60.62,-0.10%,43.88,44.22,43.86,-0.14%
882,02/04/2007,60.76,60.85,60.64,0.07%,43.94,44.16,43.94,-0.13%
883,01/28/2007,60.72,60.88,60.6,0.01%,43.995,44.352,43.975,-0.40%
884,01/21/2007,60.715,60.905,60.63,-0.32%,44.17,44.325,44.1,0.20%
885,01/14/2007,60.91,61.25,60.66,-0.22%,44.08,44.405,44.08,-0.53%
886,01/07/2007,61.045,61.085,60.86,-0.01%,44.315,44.64,44.135,0.29%
887,12/31/2006,61.05,61.07,60.8,0.43%,44.185,44.5,44.115,0.16%
888,12/24/2006,60.79,61.02,60.74,-0.52%,44.115,44.605,44.085,-0.60%
889,12/17/2006,61.11,61.205,60.82,0.44%,44.38,44.89,44.38,-0.26%
890,12/10/2006,60.845,60.99,60.74,-0.29%,44.495,44.945,44.495,-0.03%
891,12/03/2006,61.02,61.22,60.77,-0.05%,44.51,44.78,44.35,0.10%
892,11/26/2006,61.05,61.14,60.69,0.39%,44.465,44.785,44.465,-0.31%
893,11/19/2006,60.81,60.93,60.66,-0.02%,44.605,45.095,44.595,-0.26%
894,11/12/2006,60.82,60.885,60.62,0.24%,44.72,45.39,44.56,0.36%
895,11/05/2006,60.675,60.755,60.58,0.04%,44.56,44.94,44.36,-0.47%
896,10/29/2006,60.65,60.705,60.48,0.13%,44.77,45.13,44.71,-0.61%
897,10/22/2006,60.57,60.69,60.51,-0.10%,45.045,45.44,45.045,-0.34%
898,10/15/2006,60.63,60.73,60.52,0.09%,45.2,45.495,45.17,-0.26%
899,10/08/2006,60.575,60.735,60.5,-0.27%,45.32,45.84,45.31,-0.22%
900,10/01/2006,60.74,60.85,60.49,0.27%,45.42,45.905,45.42,-1.07%
901,09/24/2006,60.575,60.705,60.47,0.01%,45.91,46.02,45.73,0.27%
902,09/17/2006,60.57,60.64,60.46,0.12%,45.785,46.185,45.695,-0.38%
903,09/10/2006,60.5,60.655,60.35,0.03%,45.96,46.367,45.96,-0.24%
904,09/03/2006,60.48,60.55,60.34,-0.02%,46.07,46.53,46.02,-0.69%
905,08/27/2006,60.495,60.51,60.23,0.31%,46.39,46.58,46.36,-0.06%
906,08/20/2006,60.31,60.44,60.24,-0.33%,46.42,46.612,46.35,0.06%
907,08/13/2006,60.51,60.605,60.17,0.39%,46.39,46.63,46.31,-0.17%
908,08/06/2006,60.275,60.345,60.18,-0.04%,46.47,46.65,46.32,0.02%
909,07/30/2006,60.3,60.33,60.15,0.03%,46.46,46.8,46.4,-0.17%
910,07/23/2006,60.28,60.42,60.18,-0.03%,46.54,46.99,46.47,-0.41%
911,07/16/2006,60.3,60.395,60.18,0.05%,46.73,47.06,46.2,1.15%
912,07/09/2006,60.27,60.34,60.18,-0.22%,46.2,46.495,45.81,0.74%
913,07/02/2006,60.4,60.52,60.13,0.08%,45.86,46.205,45.82,-0.04%
914,06/25/2006,60.35,60.48,60.08,-0.02%,45.88,46.47,45.88,-0.30%
915,06/18/2006,60.36,60.54,60.11,-0.02%,46.02,46.275,45.67,0.70%
916,06/11/2006,60.37,60.47,60.03,0.43%,45.7,46.11,45.7,-0.23%
917,06/04/2006,60.11,60.22,59.95,-0.01%,45.805,46.145,45.615,0.27%
918,05/28/2006,60.115,60.425,60.05,-0.36%,45.68,46.565,45.68,-0.33%
919,05/21/2006,60.33,60.46,59.96,0.58%,45.83,45.95,45.37,1.01%
920,05/14/2006,59.98,60.17,59.88,-0.07%,45.37,45.66,44.7,0.93%
921,05/07/2006,60.025,60.155,59.92,0.02%,44.95,45.11,44.76,0.22%
922,04/30/2006,60.015,60.135,59.95,0.02%,44.85,45.005,44.73,-0.11%
923,04/23/2006,60.0,60.135,59.9,0.13%,44.9,45.16,44.7,-0.38%
924,04/16/2006,59.925,60.105,59.82,-0.06%,45.07,45.3,44.94,0.16%
925,04/09/2006,59.96,60.06,59.84,-0.07%,45.0,45.42,44.47,1.06%
926,04/02/2006,60.0,60.5,59.85,-0.20%,44.53,44.757,44.41,0.07%
927,03/26/2006,60.12,60.15,59.82,-0.13%,44.5,44.77,44.44,0.00%
928,03/19/2006,60.2,60.35,59.9,0.12%,44.5,44.71,44.21,0.51%
929,03/12/2006,60.13,60.3,59.6,0.30%,44.275,44.57,44.125,-0.10%
930,03/05/2006,59.95,60.1,59.81,0.13%,44.32,44.595,44.16,0.26%
931,02/26/2006,59.87,60.05,59.75,-0.32%,44.205,44.562,44.115,-0.21%
932,02/19/2006,60.065,60.245,59.85,0.31%,44.3,44.655,44.21,0.00%
933,02/12/2006,59.88,60.0,59.78,0.03%,44.3,44.507,43.99,0.44%
934,02/05/2006,59.86,59.93,59.75,0.02%,44.105,44.335,44.065,-0.03%
935,01/29/2006,59.85,59.98,59.74,-0.03%,44.12,44.38,43.93,0.18%
936,01/22/2006,59.87,59.93,59.72,0.08%,44.04,44.4,43.97,-0.29%
937,01/15/2006,59.825,59.945,59.73,-0.04%,44.17,44.55,44.02,0.16%
938,01/08/2006,59.85,59.92,59.73,0.20%,44.1,44.465,43.92,-0.50%
939,01/01/2006,59.73,59.94,59.67,-0.07%,44.32,45.15,44.31,-1.50%
940,12/25/2005,59.77,59.87,59.68,0.00%,44.995,45.35,44.965,-0.29%
941,12/18/2005,59.77,59.94,59.69,-0.20%,45.125,45.435,44.865,-0.30%
942,12/11/2005,59.89,59.94,59.6,0.20%,45.26,46.237,45.19,-1.88%
943,12/04/2005,59.77,59.91,59.66,-0.08%,46.125,46.412,46.025,0.00%
944,11/27/2005,59.82,59.89,59.64,0.08%,46.125,46.26,45.675,0.79%
945,11/20/2005,59.775,59.885,59.55,-0.09%,45.765,45.9,45.585,0.09%
946,11/13/2005,59.83,59.96,59.67,0.12%,45.725,45.85,45.515,0.37%
947,11/06/2005,59.76,59.78,59.58,0.00%,45.555,46.045,45.365,0.19%
948,10/30/2005,59.76,59.82,59.55,0.02%,45.47,45.567,44.98,0.94%
949,10/23/2005,59.75,59.82,59.53,-0.02%,45.045,45.255,44.935,0.01%
950,10/16/2005,59.76,59.85,59.55,0.10%,45.04,45.435,44.73,0.55%
951,10/09/2005,59.7,59.86,59.55,0.00%,44.795,44.997,44.465,0.97%
952,10/02/2005,59.7,59.9,59.54,0.00%,44.365,44.45,43.875,0.93%
953,09/25/2005,59.7,59.89,59.53,-0.25%,43.955,44.115,43.845,0.11%
954,09/18/2005,59.85,59.94,59.68,-0.03%,43.905,43.985,43.785,0.14%
955,09/11/2005,59.87,59.96,59.62,0.20%,43.845,44.0,43.725,0.11%
956,09/04/2005,59.75,59.83,59.47,-0.10%,43.795,44.005,43.735,-0.13%
957,08/28/2005,59.81,59.965,59.52,0.23%,43.85,44.21,43.65,0.48%
958,08/21/2005,59.67,59.7,59.5,0.01%,43.64,43.825,43.51,0.22%
959,08/14/2005,59.665,59.695,59.0,-0.03%,43.545,43.62,43.425,0.11%
960,08/07/2005,59.685,59.755,59.5,0.01%,43.495,43.64,43.415,0.09%
961,07/31/2005,59.68,59.7,59.45,0.03%,43.455,43.572,43.345,0.03%
962,07/24/2005,59.66,59.69,59.45,0.00%,43.44,43.625,43.36,-0.14%
963,07/17/2005,59.66,59.685,59.3,0.03%,43.5,43.67,43.05,-0.01%
964,07/10/2005,59.64,59.7,59.44,0.08%,43.505,43.672,43.395,-0.19%
965,07/03/2005,59.59,59.77,59.48,-0.32%,43.59,43.735,43.43,0.09%
966,06/26/2005,59.78,59.805,59.52,0.13%,43.55,43.625,43.41,0.08%
967,06/19/2005,59.7,59.81,59.45,-0.02%,43.515,43.655,43.405,0.00%
968,06/12/2005,59.71,59.76,59.53,0.03%,43.515,43.705,43.425,0.01%
969,06/05/2005,59.695,59.755,59.49,0.08%,43.51,43.645,43.38,-0.19%
970,05/29/2005,59.65,59.7,59.5,0.17%,43.595,43.845,43.435,0.21%
971,05/22/2005,59.55,59.61,59.4,0.08%,43.505,43.625,43.385,0.06%
972,05/15/2005,59.5,59.6,59.35,-0.02%,43.48,43.65,43.35,0.12%
973,05/08/2005,59.51,59.6,59.45,-0.03%,43.43,43.56,43.16,-0.06%
974,05/01/2005,59.53,59.58,59.4,0.08%,43.455,43.635,43.285,0.06%
975,04/24/2005,59.48,59.52,59.4,0.05%,43.43,43.821,43.43,-0.53%
976,04/17/2005,59.45,59.49,59.25,0.09%,43.66,43.85,43.63,-0.25%
977,04/10/2005,59.395,59.445,59.25,0.01%,43.77,43.895,43.6,0.21%
978,04/03/2005,59.39,59.43,59.15,-0.04%,43.68,43.93,43.66,0.01%
979,03/27/2005,59.415,59.43,59.15,0.09%,43.675,43.917,43.575,0.02%
980,03/20/2005,59.36,59.42,59.1,-0.03%,43.665,43.875,43.565,0.17%
981,03/13/2005,59.38,59.42,59.25,0.05%,43.59,43.74,43.44,0.31%
982,03/06/2005,59.35,59.36,59.1,0.05%,43.455,43.82,43.455,-0.40%
983,02/27/2005,59.32,59.4,59.27,0.01%,43.63,43.805,43.55,-0.03%
984,02/20/2005,59.315,59.405,59.28,-0.06%,43.645,43.875,43.585,-0.32%
985,02/13/2005,59.35,59.44,59.31,-0.05%,43.785,43.9,43.645,0.01%
986,02/06/2005,59.38,59.435,59.25,-0.08%,43.78,43.925,43.36,0.95%
987,01/30/2005,59.43,59.43,59.2,0.30%,43.37,43.77,43.27,-0.71%
988,01/23/2005,59.255,59.345,59.0,-0.18%,43.68,43.882,43.62,0.03%
989,01/16/2005,59.36,59.5,59.15,-0.15%,43.665,43.83,43.475,0.14%
990,01/09/2005,59.45,59.64,59.35,-0.25%,43.605,44.125,43.445,-0.33%
991,01/02/2005,59.6,59.64,59.4,0.29%,43.75,44.0,43.32,1.16%
992,12/26/2004,59.425,59.505,59.29,-1.36%,43.25,43.88,43.25,-0.92%
993,12/19/2004,60.245,60.735,59.19,0.96%,43.65,43.97,43.62,-0.37%
994,12/12/2004,59.67,59.8,59.4,0.37%,43.81,44.595,43.71,-1.72%
995,12/05/2004,59.45,59.595,59.28,0.03%,44.575,44.805,43.385,1.17%
996,11/28/2004,59.43,59.86,59.15,-0.69%,44.06,45.1,44.01,-1.97%
997,11/21/2004,59.84,59.895,59.7,0.34%,44.945,45.125,44.925,-0.23%
998,11/14/2004,59.635,59.96,59.3,0.21%,45.05,45.2,44.89,-0.02%
999,11/07/2004,59.51,59.8,59.3,-1.06%,45.06,45.245,44.97,0.06%
1000,10/31/2004,60.15,61.1,60.0,-1.47%,45.035,45.595,45.035,-0.66%
1001,10/24/2004,61.05,61.7,60.06,1.45%,45.335,45.765,45.305,-0.83%
1002,10/17/2004,60.18,61.435,59.8,0.82%,45.715,45.87,45.645,-0.17%
1003,10/10/2004,59.69,60.17,59.1,0.57%,45.795,45.912,45.725,0.04%
1004,10/03/2004,59.35,59.55,59.2,0.17%,45.775,45.96,45.705,-0.17%
1005,09/26/2004,59.25,59.29,58.85,0.08%,45.855,46.245,45.845,0.05%
1006,09/19/2004,59.2,59.41,58.75,0.37%,45.83,45.995,45.76,-0.03%
1007,09/12/2004,58.98,59.03,58.65,0.13%,45.845,46.265,45.715,-0.81%
1008,09/05/2004,58.905,58.975,58.5,0.08%,46.22,46.387,46.19,-0.14%
1009,08/29/2004,58.855,58.87,58.52,-0.06%,46.285,46.457,46.175,-0.04%
1010,08/22/2004,58.89,58.9,58.6,0.24%,46.305,46.405,46.205,0.17%
1011,08/15/2004,58.75,58.89,58.58,0.05%,46.225,46.46,46.195,0.01%
1012,08/08/2004,58.72,59.01,58.62,0.12%,46.22,46.52,46.14,-0.13%
1013,08/01/2004,58.65,59.1,58.3,0.50%,46.28,46.51,46.24,-0.20%
1014,07/25/2004,58.36,58.5,58.1,0.10%,46.375,46.54,46.155,0.18%
1015,07/18/2004,58.3,58.58,58.0,0.11%,46.29,46.38,45.8,1.07%
1016,07/11/2004,58.235,58.355,58.15,0.03%,45.8,46.26,45.6,0.41%
1017,07/04/2004,58.22,58.32,57.55,-0.22%,45.615,46.105,45.605,-0.19%
1018,06/27/2004,58.35,58.8,57.75,0.69%,45.7,46.17,45.7,-0.19%
1019,06/20/2004,57.95,58.19,57.53,0.02%,45.785,46.355,45.585,0.47%
1020,06/13/2004,57.94,58.01,57.5,0.19%,45.57,45.685,45.08,1.11%
1021,06/06/2004,57.832,57.862,57.55,0.27%,45.07,45.165,44.88,0.04%
1022,05/30/2004,57.675,57.835,57.52,-0.08%,45.05,45.7,45.05,-0.74%
1023,05/23/2004,57.72,57.82,57.49,-0.01%,45.385,45.605,45.175,0.33%
1024,05/16/2004,57.725,57.845,57.5,0.09%,45.235,46.005,45.023,-0.63%
1025,05/09/2004,57.675,57.77,57.2,0.17%,45.52,45.73,44.55,2.04%
1026,05/02/2004,57.575,57.585,57.2,0.49%,44.61,45.03,44.4,0.31%
1027,04/25/2004,57.295,57.505,57.2,-0.11%,44.47,44.56,44.0,0.93%
1028,04/18/2004,57.36,57.535,57.15,0.16%,44.06,44.24,43.74,0.66%
1029,04/11/2004,57.27,57.53,56.96,-0.22%,43.77,44.01,43.52,0.52%
1030,04/04/2004,57.395,57.415,57.1,0.17%,43.545,43.815,43.445,-0.13%
1031,03/28/2004,57.3,57.68,57.1,0.04%,43.6,44.47,43.3,-1.85%
1032,03/21/2004,57.275,57.645,56.85,-0.02%,44.42,45.185,44.32,-1.67%
1033,03/14/2004,57.285,57.63,56.7,-0.35%,45.175,45.292,45.125,-0.21%
1034,03/07/2004,57.485,57.495,57.05,0.48%,45.27,45.332,45.19,-0.12%
1035,02/29/2004,57.21,57.46,57.0,-0.33%,45.325,45.357,45.145,0.27%
1036,02/22/2004,57.4,57.45,57.1,-0.11%,45.205,45.352,45.195,-0.15%
1037,02/15/2004,57.465,57.635,57.0,0.16%,45.275,45.35,45.215,0.19%
1038,02/08/2004,57.375,57.595,56.95,0.38%,45.19,45.32,45.15,-0.21%
1039,02/01/2004,57.16,57.64,56.75,-0.81%,45.285,45.36,45.135,0.03%
1040,01/25/2004,57.625,57.625,56.95,0.45%,45.27,45.49,45.21,-0.25%
1041,01/18/2004,57.365,57.535,57.1,-0.45%,45.385,45.502,45.315,-0.03%
1042,01/11/2004,57.625,57.625,57.1,0.72%,45.4,45.52,45.35,-0.07%
1043,01/04/2004,57.215,57.585,57.0,-0.06%,45.43,45.707,45.34,-0.46%
1044,12/28/2003,57.25,57.65,57.1,-0.38%,45.64,45.76,45.47,0.42%
1045,12/21/2003,57.468,57.472,57.1,0.41%,45.45,45.66,45.45,0.00%
1046,12/14/2003,57.235,57.545,57.05,0.15%,45.45,45.615,45.45,-0.15%
1047,12/07/2003,57.15,57.535,56.95,-0.35%,45.52,45.605,45.43,-0.11%
1048,11/30/2003,57.35,57.41,57.0,-0.35%,45.57,45.83,45.54,-0.44%
1049,11/23/2003,57.55,57.985,56.8,0.70%,45.77,46.02,45.72,0.12%
1050,11/16/2003,57.15,57.4,56.9,-0.38%,45.715,45.965,45.375,0.78%
1051,11/09/2003,57.37,57.53,57.0,0.24%,45.36,45.49,45.21,0.13%
1052,11/02/2003,57.235,57.935,57.17,-0.24%,45.3,45.38,45.18,-0.04%
1053,10/26/2003,57.375,57.525,57.1,0.06%,45.32,45.47,45.21,0.01%
1054,10/19/2003,57.34,57.63,56.2,-0.06%,45.315,45.415,45.215,0.02%
1055,10/12/2003,57.375,57.565,57.23,-0.03%,45.305,45.795,45.225,-0.17%
1056,10/05/2003,57.395,57.695,57.25,-0.84%,45.38,45.492,45.2,0.12%
1057,09/28/2003,57.88,58.03,57.5,0.17%,45.325,45.875,45.305,-0.86%
1058,09/21/2003,57.78,57.92,57.5,0.27%,45.72,45.95,45.7,-0.37%
1059,09/14/2003,57.625,57.935,57.5,-0.22%,45.89,46.12,45.75,0.31%
1060,09/07/2003,57.75,57.885,57.5,0.13%,45.75,45.975,45.65,-0.21%
1061,08/31/2003,57.675,57.83,57.55,-0.03%,45.845,45.985,45.785,-0.03%
1062,08/24/2003,57.695,57.835,57.55,0.00%,45.86,45.99,45.72,0.08%
1063,08/17/2003,57.695,57.855,57.55,-0.05%,45.825,45.935,45.735,-0.20%
1064,08/10/2003,57.725,57.875,57.55,0.06%,45.915,46.065,45.825,-0.16%
1065,08/03/2003,57.69,57.84,57.45,-0.01%,45.99,46.182,45.88,-0.38%
1066,07/27/2003,57.695,57.805,57.5,0.08%,46.165,46.255,46.065,0.11%
1067,07/20/2003,57.65,57.82,57.5,0.00%,46.115,46.31,46.055,-0.18%
1068,07/13/2003,57.65,57.87,57.5,-0.17%,46.2,46.4,46.01,0.33%
1069,07/06/2003,57.75,57.92,57.6,0.00%,46.05,46.39,46.05,-0.54%
1070,06/29/2003,57.75,57.87,57.6,0.09%,46.3,46.575,46.3,-0.33%
1071,06/22/2003,57.7,57.95,57.6,0.07%,46.455,46.74,46.325,-0.05%
1072,06/15/2003,57.66,57.93,57.56,0.00%,46.48,46.8,46.48,-0.36%
1073,06/08/2003,57.66,57.83,57.55,-0.07%,46.65,46.985,46.55,-0.38%
1074,06/01/2003,57.7,57.85,57.57,0.21%,46.83,47.3,46.79,-0.40%
1075,05/25/2003,57.58,57.8,57.4,-0.38%,47.02,47.15,46.8,0.43%
1076,05/18/2003,57.8,57.875,57.45,0.00%,46.82,47.16,46.797,-0.53%
1077,05/11/2003,57.8,57.88,57.6,0.00%,47.07,47.25,47.07,-0.17%
1078,05/04/2003,57.8,57.895,57.65,0.09%,47.15,47.4,47.15,-0.32%
1079,04/27/2003,57.75,57.895,57.6,0.09%,47.3,47.442,47.3,-0.04%
1080,04/20/2003,57.7,57.89,57.65,-0.16%,47.32,47.425,47.25,0.06%
1081,04/13/2003,57.79,57.81,57.6,0.10%,47.29,47.422,47.29,-0.08%
1082,04/06/2003,57.73,57.83,57.55,-0.08%,47.33,47.53,47.3,-0.13%
1083,03/30/2003,57.775,58.075,57.7,-0.52%,47.39,47.592,47.3,-0.23%
1084,03/23/2003,58.075,58.075,57.65,0.48%,47.5,47.73,47.45,-0.23%
1085,03/16/2003,57.795,57.855,57.77,0.12%,47.61,47.88,47.6,0.00%
1086,03/09/2003,57.725,58.015,57.55,-0.37%,47.61,47.73,47.55,-0.08%
1087,03/02/2003,57.94,58.08,57.7,-0.29%,47.65,47.83,47.65,0.08%
1088,02/23/2003,58.11,58.165,57.7,0.54%,47.61,47.812,47.61,-0.03%
1089,02/16/2003,57.8,58.21,57.6,0.00%,47.625,47.875,47.525,-0.45%
1090,02/09/2003,57.8,58.15,57.7,-0.33%,47.84,47.97,47.55,0.36%
1091,02/02/2003,57.99,58.51,57.9,-0.10%,47.67,47.84,47.65,-0.27%
1092,01/26/2003,58.05,58.51,57.85,-0.19%,47.8,48.007,47.75,-0.10%
1093,01/19/2003,58.16,58.18,57.95,0.15%,47.85,48.012,47.85,-0.13%
1094,01/12/2003,58.075,58.825,57.95,-0.17%,47.91,48.03,47.85,-0.08%
1095,01/05/2003,58.175,58.625,58.01,0.07%,47.95,48.062,47.89,-0.06%
1096,12/29/2002,58.135,58.625,58.01,-0.07%,47.98,48.085,47.91,0.04%
1097,12/22/2002,58.175,58.665,58.05,-0.26%,47.96,48.085,47.96,-0.04%
1098,12/15/2002,58.325,58.775,58.15,0.00%,47.98,48.227,47.98,-0.35%
1099,12/08/2002,58.325,58.695,57.9,-0.05%,48.15,48.3,48.13,-0.08%
1100,12/01/2002,58.355,58.545,57.9,0.17%,48.19,48.4,48.15,-0.25%
1101,11/24/2002,58.255,58.645,58.13,-0.21%,48.31,48.385,48.18,0.29%
1102,11/17/2002,58.375,58.725,58.2,0.09%,48.17,48.3,48.16,-0.02%
1103,11/10/2002,58.325,58.845,58.2,-0.51%,48.18,48.345,48.17,-0.12%
1104,11/03/2002,58.625,59.125,58.5,-0.42%,48.24,48.392,48.24,-0.14%
1105,10/27/2002,58.875,59.225,58.6,0.00%,48.31,48.53,48.3,-0.10%
1106,10/20/2002,58.875,59.225,58.75,-0.25%,48.36,48.487,48.31,-0.06%
1107,10/13/2002,59.025,59.245,58.9,-0.08%,48.39,48.462,48.25,0.17%
1108,10/06/2002,59.075,59.295,58.9,0.00%,48.31,48.42,48.29,-0.04%
1109,09/29/2002,59.075,59.28,58.85,-0.08%,48.33,48.43,48.305,-0.04%
1110,09/22/2002,59.125,59.315,59.0,0.00%,48.35,48.47,48.35,-0.12%
1111,09/15/2002,59.125,59.425,59.0,-0.17%,48.41,48.52,48.35,-0.02%
1112,09/08/2002,59.225,59.525,59.1,-0.17%,48.42,48.61,48.35,-0.21%
1113,09/01/2002,59.325,59.525,59.2,0.00%,48.52,48.63,48.35,0.10%
1114,08/25/2002,59.325,59.575,59.15,-0.34%,48.47,48.59,48.35,-0.06%
1115,08/18/2002,59.525,59.675,59.3,0.17%,48.5,48.652,48.5,-0.10%
1116,08/11/2002,59.425,59.725,59.3,-0.17%,48.55,48.685,48.53,-0.14%
1117,08/04/2002,59.525,59.725,59.4,0.00%,48.62,48.767,48.59,-0.02%
1118,07/28/2002,59.525,59.725,59.25,0.00%,48.63,48.825,48.63,-0.06%
1119,07/21/2002,59.525,59.875,59.4,-0.17%,48.66,48.775,48.64,-0.08%
1120,07/14/2002,59.625,59.875,59.45,-0.27%,48.7,48.89,48.7,-0.10%
1121,07/07/2002,59.785,60.265,59.66,-0.57%,48.75,48.872,48.75,-0.12%
1122,06/30/2002,60.125,60.225,59.85,0.20%,48.81,48.925,48.75,-0.10%
1123,06/23/2002,60.005,60.195,59.8,-0.13%,48.86,48.957,48.81,-0.08%
1124,06/16/2002,60.085,60.225,59.8,-0.07%,48.9,49.057,48.8,-0.16%
1125,06/09/2002,60.125,60.325,60.0,0.00%,48.98,49.08,48.95,-0.04%
1126,06/02/2002,60.125,60.315,59.95,0.08%,49.0,49.105,48.96,-0.02%
1127,05/26/2002,60.075,60.285,59.9,0.08%,49.01,49.092,48.95,0.08%
1128,05/19/2002,60.025,60.245,59.9,-0.08%,48.97,49.11,48.95,-0.04%
1129,05/12/2002,60.075,60.275,59.9,0.08%,48.99,49.12,48.97,0.04%
1130,05/05/2002,60.025,60.285,59.85,0.08%,48.97,49.05,48.9,0.04%
1131,04/28/2002,59.975,60.275,59.85,0.00%,48.95,49.05,48.9,0.02%
1132,04/21/2002,59.975,60.215,59.85,-0.08%,48.94,49.102,48.87,0.14%
1133,04/14/2002,60.025,60.295,59.9,0.00%,48.87,49.012,48.87,-0.04%
1134,04/07/2002,60.025,60.295,59.9,-0.08%,48.89,49.005,48.8,0.16%
1135,03/31/2002,60.075,60.315,59.9,0.08%,48.81,48.99,48.77,0.06%
1136,03/24/2002,60.025,60.305,59.9,0.00%,48.78,48.9,48.7,0.06%
1137,03/17/2002,60.025,60.295,59.8,0.00%,48.75,48.827,48.69,0.14%
1138,03/10/2002,60.025,60.305,59.7,-0.08%,48.68,48.812,48.68,-0.06%
1139,03/03/2002,60.075,60.365,59.85,0.00%,48.71,48.827,48.65,0.00%
1140,02/24/2002,60.075,60.285,59.9,0.04%,48.71,48.93,48.7,-0.06%
1141,02/17/2002,60.05,60.36,59.9,0.00%,48.74,48.805,48.59,0.16%
1142,02/10/2002,60.05,60.34,59.8,-0.17%,48.66,48.78,48.62,0.02%
1143,02/03/2002,60.15,60.36,59.85,0.08%,48.65,48.815,48.51,0.31%
1144,01/27/2002,60.1,60.46,59.85,0.00%,48.5,48.655,48.28,0.35%
1145,01/20/2002,60.1,60.39,59.85,0.08%,48.33,48.412,48.05,0.23%
1146,01/13/2002,60.05,60.37,59.85,0.08%,48.22,48.445,48.22,-0.35%
1147,01/06/2002,60.0,60.45,59.85,-1.09%,48.39,48.465,48.22,0.33%
1148,12/30/2001,60.66,60.75,59.75,-0.15%,48.23,48.367,48.077,-0.02%
1149,12/23/2001,60.75,60.75,60.0,0.00%,48.24,48.4,47.75,0.92%
1150,12/16/2001,60.75,60.88,60.3,0.00%,47.8,47.887,47.75,-0.02%
1151,12/09/2001,60.75,61.0,60.3,0.50%,47.81,47.945,47.77,0.00%
1152,12/02/2001,60.45,61.05,60.3,-0.58%,47.81,48.007,47.81,-0.25%
1153,11/25/2001,60.8,61.05,60.55,-0.08%,47.93,48.09,47.89,-0.25%
1154,11/18/2001,60.85,61.34,60.5,-0.49%,48.05,48.45,47.94,0.15%
1155,11/11/2001,61.15,61.48,60.85,0.25%,47.98,48.115,47.8,-0.04%
1156,11/04/2001,61.0,61.58,60.6,-0.65%,48.0,48.1,47.95,0.02%
1157,10/28/2001,61.4,61.78,61.15,-0.32%,47.99,48.052,47.72,0.04%
1158,10/21/2001,61.6,62.1,61.35,-0.65%,47.97,48.147,47.95,-0.12%
1159,10/14/2001,62.0,62.3,61.8,0.00%,48.03,48.107,47.95,0.02%
1160,10/07/2001,62.0,62.0,61.85,-0.88%,48.02,48.26,48.0,0.04%
1161,09/30/2001,62.55,62.55,62.4,-2.42%,48.0,48.072,47.85,0.31%
1162,09/23/2001,64.1,64.1,63.95,-0.23%,47.85,48.02,47.85,-0.37%
1163,09/16/2001,64.25,64.25,64.1,0.19%,48.03,48.135,47.75,0.48%
1164,09/09/2001,64.125,64.125,64.1,0.43%,47.8,47.88,47.13,1.23%
1165,09/02/2001,63.85,63.85,63.7,-0.16%,47.22,47.315,47.12,0.21%
1166,08/26/2001,63.95,63.95,63.8,-0.23%,47.12,47.25,47.1,0.00%
1167,08/19/2001,64.1,64.1,63.95,0.08%,47.12,47.18,47.1,0.00%
1168,08/12/2001,64.05,64.05,63.9,0.23%,47.12,47.18,47.1,0.00%
1169,08/05/2001,63.9,63.9,63.75,-0.23%,47.12,47.212,47.06,0.00%
1170,07/29/2001,64.05,64.05,63.9,0.20%,47.12,47.62,47.08,-0.04%
1171,07/22/2001,63.925,63.925,63.75,0.59%,47.14,47.22,47.1,0.04%
1172,07/15/2001,63.55,63.55,63.4,-0.47%,47.12,47.22,47.1,-0.08%
1173,07/08/2001,63.85,63.85,63.7,-0.39%,47.16,47.235,47.12,0.08%
1174,07/01/2001,64.1,64.1,64.0,0.39%,47.12,47.25,47.03,0.17%
1175,06/24/2001,63.85,63.85,63.7,0.55%,47.04,47.12,46.95,0.11%
1176,06/17/2001,63.5,63.5,63.25,0.71%,46.99,47.067,46.95,-0.02%
1177,06/10/2001,63.05,63.05,62.8,0.96%,47.0,47.11,46.85,0.11%
1178,06/03/2001,62.45,62.45,62.2,-2.04%,46.95,47.1,46.85,-0.11%
1179,05/27/2001,63.75,63.75,63.5,2.08%,47.0,47.13,46.94,0.06%
1180,05/20/2001,62.45,62.45,62.3,1.30%,46.97,47.147,46.9,0.09%
1181,05/13/2001,61.65,61.65,61.4,0.49%,46.93,47.095,46.85,0.15%
1182,05/06/2001,61.35,61.35,61.1,-0.16%,46.86,46.912,46.77,0.19%
1183,04/29/2001,61.45,61.45,61.2,0.33%,46.77,46.885,46.627,-0.14%
1184,04/22/2001,61.25,61.25,61.0,0.00%,46.835,46.915,46.745,0.03%
1185,04/15/2001,61.25,61.25,61.0,1.78%,46.82,47.11,46.66,-0.04%
1186,04/08/2001,60.18,60.18,60.13,-2.15%,46.84,46.99,46.53,0.59%
1187,04/01/2001,61.5,61.5,61.0,1.23%,46.565,46.69,46.535,-0.31%
1188,03/25/2001,60.75,60.75,60.6,1.08%,46.71,46.875,46.64,0.11%
1189,03/18/2001,60.1,60.1,59.3,0.97%,46.66,46.96,46.62,-0.01%
1190,03/11/2001,59.52,59.52,59.05,-0.84%,46.665,46.747,46.465,0.31%
1191,03/04/2001,60.025,60.025,59.15,0.67%,46.52,46.625,46.26,-0.04%
1192,02/25/2001,59.625,59.625,59.3,-0.79%,46.54,46.717,46.5,-0.12%
1193,02/18/2001,60.1,60.1,59.3,3.00%,46.595,46.712,46.395,0.17%
1194,02/11/2001,58.35,58.35,57.9,-1.02%,46.515,46.677,46.395,0.14%
1195,02/04/2001,58.95,58.95,58.55,0.00%,46.45,46.572,46.35,0.12%
1196,01/28/2001,58.95,58.95,58.4,0.21%,46.395,46.58,46.345,-0.18%
1197,01/21/2001,58.825,58.825,58.5,0.30%,46.48,46.54,46.33,0.23%
1198,01/14/2001,58.65,58.65,58.2,0.86%,46.375,46.675,46.365,-0.34%
1199,01/07/2001,58.15,58.15,57.3,-1.61%,46.535,46.76,46.525,-0.36%
1200,12/31/2000,59.1,59.1,58.9,1.63%,46.705,46.826,46.655,0.05%
1201,12/24/2000,58.15,58.15,57.8,0.00%,46.68,46.835,46.62,-0.02%
1202,12/17/2000,58.15,58.15,57.8,0.00%,46.69,46.86,46.65,-0.14%
1203,12/10/2000,58.15,58.15,57.8,3.93%,46.755,46.822,46.51,0.06%
1204,12/03/2000,55.95,55.95,55.4,-3.20%,46.725,46.915,46.675,-0.26%
1205,11/26/2000,57.8,57.8,57.6,1.40%,46.845,46.942,46.425,0.10%
1206,11/19/2000,57.0,57.0,56.8,0.00%,46.8,46.99,46.75,-0.03%
1207,11/12/2000,57.0,57.0,56.75,1.51%,46.815,46.935,46.635,0.17%
1208,11/05/2000,56.15,56.15,56.0,-1.49%,46.735,46.815,46.565,0.25%
1209,10/29/2000,57.0,57.0,56.9,2.29%,46.62,46.99,46.527,-0.32%
1210,10/22/2000,55.725,55.725,55.35,-0.40%,46.77,46.865,46.33,0.91%
1211,10/15/2000,55.95,55.95,55.85,-4.11%,46.35,46.427,46.2,-0.06%
1212,10/08/2000,58.35,58.35,58.0,-2.02%,46.38,46.5,46.07,0.50%
1213,10/01/2000,59.55,59.55,59.3,2.23%,46.15,46.28,46.05,0.37%
1214,09/24/2000,58.25,58.25,58.0,0.87%,45.98,46.28,45.78,-0.22%
1215,09/17/2000,57.75,57.75,57.6,5.48%,46.08,46.5,45.8,0.67%
1216,09/10/2000,54.75,54.75,54.6,0.32%,45.775,45.855,45.575,0.30%
1217,09/03/2000,54.575,54.575,54.35,-0.05%,45.64,45.84,45.62,-0.35%
1218,08/27/2000,54.6,54.6,54.4,-0.09%,45.8,45.98,45.56,-0.17%
1219,08/20/2000,54.65,54.65,54.4,0.92%,45.88,46.05,45.4,0.13%
1220,08/13/2000,54.15,54.15,53.8,1.69%,45.82,46.055,45.65,0.04%
1221,08/06/2000,53.25,53.25,53.05,0.09%,45.8,46.16,45.4,0.91%
1222,07/30/2000,53.2,53.2,52.95,-0.37%,45.385,45.745,44.875,1.11%
1223,07/23/2000,53.395,53.395,53.37,1.16%,44.885,45.02,44.675,0.39%
1224,07/16/2000,52.785,52.785,52.75,0.98%,44.71,45.16,44.54,0.01%
1225,07/09/2000,52.275,52.275,52.1,-0.14%,44.705,44.785,44.675,0.00%
1226,07/02/2000,52.35,52.35,52.15,0.05%,44.705,44.83,44.33,0.12%
1227,06/25/2000,52.325,52.325,52.15,0.24%,44.65,44.735,44.55,-0.06%
1228,06/18/2000,52.2,52.2,52.0,0.48%,44.675,45.075,44.575,-0.12%
1229,06/11/2000,51.95,51.95,51.7,-0.10%,44.73,44.877,44.7,-0.04%
1230,06/04/2000,52.0,52.0,51.75,-0.14%,44.75,45.02,44.6,0.34%
1231,05/28/2000,52.075,52.075,52.05,0.34%,44.6,44.76,44.3,0.70%
1232,05/21/2000,51.9,51.9,51.899,0.01%,44.29,44.83,43.89,0.80%
1233,05/14/2000,51.895,51.895,51.89,0.04%,43.94,44.1,43.715,-0.14%
1234,05/07/2000,51.875,51.875,51.85,-0.14%,44.0,44.23,43.7,0.80%
1235,04/30/2000,51.95,51.95,51.7,0.00%,43.65,43.712,43.6,0.00%
1236,04/23/2000,51.95,51.95,51.7,0.10%,43.65,43.712,43.6,0.06%
1237,04/16/2000,51.9,51.9,51.8,-0.05%,43.625,43.74,43.625,-0.09%
1238,04/09/2000,51.925,51.925,51.75,0.05%,43.665,43.735,43.625,0.10%
1239,04/02/2000,51.9,51.9,51.7,0.00%,43.62,43.685,43.59,0.05%
1240,03/26/2000,51.9,51.9,51.7,-0.05%,43.6,43.672,43.55,0.06%
1241,03/19/2000,51.925,51.925,51.75,0.00%,43.575,43.68,43.555,-0.01%
1242,03/12/2000,51.925,51.925,51.75,0.14%,43.58,43.66,43.52,0.01%
1243,03/05/2000,51.85,51.85,51.6,-0.05%,43.575,43.68,43.575,-0.06%
1244,02/27/2000,51.875,51.875,51.65,-0.19%,43.6,43.672,43.5,-0.11%
1245,02/20/2000,51.975,51.975,51.75,0.16%,43.65,43.68,43.55,0.02%
1246,02/13/2000,51.89,51.89,51.885,-0.07%,43.64,43.74,43.54,0.08%
1247,02/06/2000,51.925,51.925,51.75,0.06%,43.605,43.69,43.545,0.01%
1248,01/30/2000,51.895,51.895,51.89,0.01%,43.6,43.685,43.55,0.00%
1249,01/23/2000,51.892,51.892,51.885,0.08%,43.6,43.8,43.53,0.09%
1250,01/16/2000,51.85,51.85,51.7,-0.09%,43.56,43.63,43.51,0.14%
1251,01/09/2000,51.898,51.898,51.895,0.01%,43.5,43.582,43.45,0.03%
1252,01/02/2000,51.895,51.895,51.89,0.15%,43.485,43.617,43.415,-0.03%
